Dispersent_Type,Solid_Content_pct,Solid_Additive_pct,NMC_pct,C65_pct,KS6L_pct,PVDF_pct,Source_Batch,Solid_to_Liquid_Ratio,Binder_to_Active_Ratio,row_index,Composite_Mix_ID,model_name,eta_0,eta_inf,lambda_time,n,a,curve_rmse,curve_r2,curve_mse
Hypermer,73.0,0.25,96.0,2.0,0.0,2.0,Batch_1,2.7037037036035665,0.020408163265097874,0,F1_Hypermer_73.0_0.25,constrained_cy,972.3432464982842,0.01,99.999907681589,0.41363203811372184,2.0,4.011424890175844,0.9815875760439573,16.091529649522283
Hypermer,73.0,0.25,96.0,2.0,0.0,2.0,Batch_1,2.7037037036035665,0.020408163265097874,1,F1_Hypermer_73.0_0.25,constrained_cy,54.3158223036977,0.01,99.9999883644085,0.610925547636185,2.0,0.4255978116099482,0.9848879586070898,0.18113349724717698
Hypermer,77.0,0.25,96.0,2.0,0.0,2.0,Batch_1,3.347826086810964,0.020408163265097874,2,F1_Hypermer_77.0_0.25,constrained_cy,476.3203349753801,0.01,99.99998517928724,0.5445434162271656,2.0,1.82344620148259,0.9937552897130812,3.3249560497012864
Hypermer,73.0,0.25,96.0,2.0,0.0,2.0,Batch_1,2.7037037036035665,0.020408163265097874,3,F1_Hypermer_73.0_0.25,constrained_cy,8.850668700528622,0.01,0.6407583716112849,0.6757432009953688,2.0,3.622068440958414e-12,1.0,1.3119379790986915e-23
Hypermer,77.0,0.25,96.0,2.0,0.0,2.0,Batch_1,3.347826086810964,0.020408163265097874,4,F1_Hypermer_77.0_0.25,constrained_cy,3112.0639621950677,0.01,99.99999203635923,0.34372420090550715,2.0,6.990185567392092,0.9896081462686602,48.8626942665767
Hypermer,69.0,0.5,96.0,2.0,0.0,2.0,Batch_1,2.225806451541103,0.020408163265097874,5,F1_Hypermer_69.0_0.5,constrained_cy,17.471715792198182,0.01,99.99999999301178,0.7184138881803307,2.0,0.16315787959563682,0.9886231084036274,0.02662049367414432
Hypermer,69.0,0.5,96.0,2.0,0.0,2.0,Batch_1,2.225806451541103,0.020408163265097874,6,F1_Hypermer_69.0_0.5,constrained_cy,11.970146551575416,0.01,99.99999973502963,0.6921530704622926,2.0,0.11382788940632575,0.9865348100822012,0.012956788406698725
Hypermer,69.0,0.5,96.0,2.0,0.0,2.0,Batch_1,2.225806451541103,0.020408163265097874,7,F1_Hypermer_69.0_0.5,constrained_cy,12.879192585422402,0.01,99.99973181297948,0.6589125728658918,2.0,0.13911576275484427,0.9796237854456837,0.01935319544686212
Hypermer,77.0,0.25,96.0,2.0,0.0,2.0,Batch_1,3.347826086810964,0.020408163265097874,8,F1_Hypermer_77.0_0.25,constrained_cy,2858.6763692344825,0.01,99.99999957542553,0.36751864113360655,2.0,7.7859413607592085,0.9876933895904029,60.62088287318096
Hypermer,73.0,0.5,97.0,1.5,0.0,1.5,Batch_1,2.7037037036035665,0.015228426395784483,9,F2_Hypermer_73.0_0.5,constrained_cy,22.284716340765222,0.01,99.99992076509798,0.6153100909370152,2.0,0.20468532472378292,0.9803773066071015,0.04189608215728046
Hypermer,73.0,0.5,97.0,1.5,0.0,1.5,Batch_1,2.7037037036035665,0.015228426395784483,10,F2_Hypermer_73.0_0.5,constrained_cy,9.477320794479663,0.01,1.8266728078649683,0.5347445808195616,2.0,3.0535562982127973e-13,1.0,9.324206066355042e-26
Hypermer,73.0,0.5,97.0,1.5,0.0,1.5,Batch_1,2.7037037036035665,0.015228426395784483,11,F2_Hypermer_73.0_0.5,constrained_cy,28.804629559296433,0.01,99.99999784495584,0.597014555964337,2.0,0.1695092873820956,0.9902388696940125,0.028733398508785882
Hypermer,73.0,0.5,96.0,0.0,2.0,2.0,Batch_1,2.7037037036035665,0.02083333333311632,12,F3_Hypermer_73.0_0.5,constrained_cy,14.742110655030116,0.01,99.99991582427965,0.7962361195196176,2.0,0.19345520847420686,0.9840380528434001,0.037424917685798836
Hypermer,73.0,0.5,96.0,0.0,2.0,2.0,Batch_1,2.7037037036035665,0.02083333333311632,13,F3_Hypermer_73.0_0.5,constrained_cy,13.153179336716299,0.01,0.7209123750472045,0.6307679043235069,2.0,4.277324957568296e-10,1.0,1.8295508792636624e-19
Hypermer,73.0,0.5,96.0,0.0,2.0,2.0,Batch_1,2.7037037036035665,0.02083333333311632,14,F3_Hypermer_73.0_0.5,constrained_cy,16.654849046874237,0.01,99.99999459592318,0.7802685486217054,2.0,0.2422616729186135,0.9797925520969343,0.05869071816532528
none,73.0,0.0,96.0,2.0,0.0,2.0,Batch_1,2.7037037036035665,0.020408163265097874,15,F1_none_73.0_0.0,constrained_cy,227.64037112667413,0.01,99.99999988481774,0.5509394611436111,2.0,1.6086743344701036,0.9815529614252314,2.5878331143828306
none,73.0,0.0,96.0,2.0,0.0,2.0,Batch_1,2.7037037036035665,0.020408163265097874,16,F1_none_73.0_0.0,constrained_cy,185.30244663219156,0.01,99.99341768186636,0.5694590940093126,2.0,0.8096644639986086,0.9932714555511477,0.6555565442621542
none,69.0,0.0,96.0,2.0,0.0,2.0,Batch_1,2.225806451541103,0.020408163265097874,17,F1_none_69.0_0.0,constrained_cy,10.023384027106665,0.01,1.4255242425736283,0.523500346333161,2.0,4.885401829275012e-15,1.0,2.3867151033483632e-29
none,69.0,0.0,96.0,2.0,0.0,2.0,Batch_1,2.225806451541103,0.020408163265097874,18,F1_none_69.0_0.0,constrained_cy,6.2111175984690945,0.01,0.4815215881848633,0.6410551252965176,2.0,1.2819751242557092e-16,1.0,1.6434602192104412e-32
none,69.0,0.0,96.0,2.0,0.0,2.0,Batch_1,2.225806451541103,0.020408163265097874,19,F1_none_69.0_0.0,constrained_cy,5.867706494303558,0.01,0.4341765766038834,0.645718876396557,2.0,2.4891454409944316e-15,1.0,6.195845026423364e-30
none,73.0,0.0,96.0,2.0,0.0,2.0,Batch_1,2.7037037036035665,0.020408163265097874,20,F1_none_73.0_0.0,constrained_cy,4090.643240584099,0.01,99.99999962092654,0.23294322077367252,2.0,10.101766489180967,0.9715170066746274,102.04568620193957
none,69.0,0.0,96.0,2.0,0.0,2.0,Batch_1,2.225806451541103,0.020408163265097874,21,F1_none_69.0_0.0,constrained_cy,5.4449862693191005,0.01,0.511214994575772,0.5886490650469359,2.0,0.0,1.0,0.0
none,73.0,0.0,96.0,2.0,0.0,2.0,Batch_1,2.7037037036035665,0.020408163265097874,22,F1_none_73.0_0.0,constrained_cy,5094.67010642576,0.01,99.99999205820738,0.21300467898481862,2.0,12.37989239122628,0.9678864700201404,153.26173561834233
none,73.0,0.0,97.0,1.5,0.0,1.5,Batch_1,2.7037037036035665,0.015228426395784483,23,F2_none_73.0_0.0,constrained_cy,5.188556615440546,0.01,0.5222755511578523,0.7229992481788136,2.0,1.561473193047451e-12,1.0,2.4381985326058023e-24
none,73.0,0.0,97.0,1.5,0.0,1.5,Batch_1,2.7037037036035665,0.015228426395784483,24,F2_none_73.0_0.0,constrained_cy,14.841103543811746,0.01,99.99999995092891,0.6713715116355203,2.0,0.07025279203935762,0.9959497444137414,0.00493545478932523
none,73.0,0.0,97.0,1.5,0.0,1.5,Batch_1,2.7037037036035665,0.015228426395784483,25,F2_none_73.0_0.0,constrained_cy,132.6830673364467,0.01,99.9932237582519,0.5229521678108395,2.0,0.8373350683903262,0.9818210107198622,0.7011300167562323
none,74.0,0.0,96.0,2.0,0.0,2.0,Batch_1,2.8461538460443787,0.020408163265097874,26,F1_none_74.0_0.0,constrained_cy,362.4495056297345,0.01,99.9999986114908,0.545667630164268,2.0,1.1430609635473044,0.9957062745740011,1.3065883663856919
Tego,73.0,0.5,96.0,2.0,0.0,2.0,Batch_1,2.7037037036035665,0.020408163265097874,27,F1_Tego_73.0_0.5,constrained_cy,9.145013277077346,0.01,0.9585943861257504,0.7460981847053748,2.0,1.6094093596502055e-13,1.0,2.5901984869296847e-26
Tego,77.0,0.25,96.0,2.0,0.0,2.0,Batch_1,3.347826086810964,0.020408163265097874,28,F1_Tego_77.0_0.25,constrained_cy,295.593164165075,0.01,99.99994596871454,0.5990397255232669,2.0,0.5796758230029756,0.9988255935862836,0.33602405977417704
Tego,69.0,0.25,96.0,2.0,0.0,2.0,Batch_1,2.225806451541103,0.020408163265097874,29,F1_Tego_69.0_0.25,constrained_cy,5.314993910715303,0.01,0.4053896620170171,0.6520071451558819,2.0,7.251946429389431e-16,1.0,5.259072701473412e-31
Tego,77.0,0.25,96.0,2.0,0.0,2.0,Batch_1,3.347826086810964,0.020408163265097874,30,F1_Tego_77.0_0.25,constrained_cy,5156.415235736585,0.01,99.99936465579873,0.3183413503439169,2.0,10.378020676965763,0.9896530292529931,107.7033131715289
Tego,77.0,0.25,96.0,2.0,0.0,2.0,Batch_1,3.347826086810964,0.020408163265097874,31,F1_Tego_77.0_0.25,constrained_cy,4759.6798911939495,0.01,99.99007916109728,0.35117759114911096,2.0,6.334478136046209,0.9963094351811982,40.12561325604745
Tego,73.0,0.25,96.0,2.0,0.0,2.0,Batch_1,2.7037037036035665,0.020408163265097874,32,F1_Tego_73.0_0.25,constrained_cy,1199.591607741736,0.01,99.99158031071343,0.3747730072826697,2.0,3.395813997276658,0.9875066507425022,11.531552704100074
Tego,69.0,0.5,96.0,2.0,0.0,2.0,Batch_1,2.225806451541103,0.020408163265097874,33,F1_Tego_69.0_0.5,constrained_cy,5.6702678008947975,0.01,0.6063538131351457,0.6681928493947481,2.0,1.0024788745496736e-12,1.0,1.0049638939183801e-24
Tego,73.0,0.25,96.0,2.0,0.0,2.0,Batch_1,2.7037037036035665,0.020408163265097874,34,F1_Tego_73.0_0.25,constrained_cy,760.5037624207376,0.01,99.99998122561138,0.3730840220007153,2.0,2.5918757961291656,0.9823468904473212,6.717820142560197
Tego,73.0,0.5,96.0,2.0,0.0,2.0,Batch_1,2.7037037036035665,0.020408163265097874,35,F1_Tego_73.0_0.5,constrained_cy,600.9838253771508,0.01,99.99989034867153,0.4407244513257985,2.0,2.370811231604886,0.9860418986504818,5.620745895903878
Tego,73.0,0.5,96.0,2.0,0.0,2.0,Batch_1,2.7037037036035665,0.020408163265097874,36,F1_Tego_73.0_0.5,constrained_cy,8.054165889009516,0.01,0.7122860982295856,0.7327814961150146,2.0,6.917915985570224e-15,1.0,4.785756158340805e-29
Tego,69.0,0.25,96.0,2.0,0.0,2.0,Batch_1,2.225806451541103,0.020408163265097874,37,F1_Tego_69.0_0.25,constrained_cy,2.7893504408903165,0.01,0.23702847968618268,0.6296477522310563,2.0,3.019744938962381e-09,1.0,9.118859496388914e-18
Tego,69.0,0.5,96.0,2.0,0.0,2.0,Batch_1,2.225806451541103,0.020408163265097874,38,F1_Tego_69.0_0.5,constrained_cy,6.548497070477389,0.01,1.4530573449767255,0.6700370086105791,2.0,4.5032253920524347e-10,1.0,2.0279038931625806e-19
Tego,69.0,0.25,96.0,2.0,0.0,2.0,Batch_1,2.225806451541103,0.020408163265097874,39,F1_Tego_69.0_0.25,constrained_cy,1.7071836758846242,0.01,0.2587156673296309,0.7739319302980214,2.0,4.962692738375898e-10,1.0,2.462831921552887e-19
Tego,73.0,0.25,96.0,2.0,0.0,2.0,Batch_1,2.7037037036035665,0.020408163265097874,40,F1_Tego_73.0_0.25,constrained_cy,1225.8520497206744,0.01,99.99998134879984,0.36371091282452916,2.0,3.5923182901794997,0.9855454913170447,12.904750697958164
Tego,69.0,0.5,96.0,2.0,0.0,2.0,Batch_1,2.225806451541103,0.020408163265097874,41,F1_Tego_69.0_0.5,constrained_cy,3.0969380756825204,0.01,0.284338359903284,0.6571549296466925,2.0,2.642859423360307e-16,1.0,6.984705931644376e-32
Tego,73.0,0.5,97.0,1.5,0.0,1.5,Batch_1,2.7037037036035665,0.015228426395784483,42,F2_Tego_73.0_0.5,constrained_cy,7.314572133499673,0.01,99.9903655213374,0.7695179241351539,2.0,0.08410185036065226,0.9864619825375706,0.007073121234085545
Tego,73.0,0.5,97.0,1.5,0.0,1.5,Batch_1,2.7037037036035665,0.015228426395784483,43,F2_Tego_73.0_0.5,constrained_cy,3.3953124425840784,0.01,1.1843417503349596,0.8260731621391266,2.0,1.7247211359436918e-15,1.0,2.9746629967708988e-30
Tego,73.0,0.5,97.0,1.5,0.0,1.5,Batch_1,2.7037037036035665,0.015228426395784483,44,F2_Tego_73.0_0.5,constrained_cy,3.6012074309149393,0.01,0.9136537536023234,0.7924409187534965,2.0,8.003907765190974e-13,1.0,6.406253951368438e-25
Tego,73.0,0.5,96.0,0.0,2.0,2.0,Batch_1,2.7037037036035665,0.02083333333311632,45,F3_Tego_73.0_0.5,constrained_cy,5.682618250864291,0.01,99.99999972884828,0.813497094886005,2.0,0.08502852015440097,0.9802799262903994,0.007229849239647372
Tego,73.0,0.5,96.0,0.0,2.0,2.0,Batch_1,2.7037037036035665,0.02083333333311632,46,F3_Tego_73.0_0.5,constrained_cy,5.524044434781279,0.01,0.639998642381306,0.8342032639925752,2.0,5.046988835666085e-09,1.0,2.5472096307338108e-17
Tego,73.0,0.5,96.0,0.0,2.0,2.0,Batch_1,2.7037037036035665,0.02083333333311632,47,F3_Tego_73.0_0.5,constrained_cy,7.540603327234567,0.01,0.5763725353255811,0.8297157639265307,2.0,1.7007321910901718e-15,1.0,2.8924899858103765e-30
Triton,73.0,0.5,96.0,2.0,0.0,2.0,Batch_1,2.7037037036035665,0.020408163265097874,48,F1_Triton_73.0_0.5,constrained_cy,168.8969486543593,0.01,99.99975716916833,0.5693903288375404,2.0,1.3644924622117844,0.9792324053986973,1.8618396794327783
Triton,77.0,0.25,96.0,2.0,0.0,2.0,Batch_1,3.347826086810964,0.020408163265097874,49,F1_Triton_77.0_0.25,constrained_cy,3070.5804972394135,0.01,99.98451669548164,0.36124831189732126,2.0,5.58884896404304,0.9938541202470271,31.235232742884957
Triton,77.0,0.25,96.0,2.0,0.0,2.0,Batch_1,3.347826086810964,0.020408163265097874,50,F1_Triton_77.0_0.25,constrained_cy,2659.07768128368,0.01,99.99998791907633,0.37150522205658354,2.0,7.0957384321269,0.9884949844491189,50.34950389716272
Triton,69.0,0.5,96.0,2.0,0.0,2.0,Batch_1,2.225806451541103,0.020408163265097874,51,F1_Triton_69.0_0.5,constrained_cy,386.478642288585,0.01,99.99815771738004,0.4202244862268843,2.0,1.7212795097142464,0.9798964552833559,2.9628031505621166
Triton,73.0,0.5,96.0,2.0,0.0,2.0,Batch_1,2.7037037036035665,0.020408163265097874,52,F1_Triton_73.0_0.5,constrained_cy,2382.4003510641173,0.01,99.99999933116653,0.2670842171322714,2.0,7.8474316022291575,0.9638664200920506,61.58218275166488
Triton,77.0,0.25,96.0,2.0,0.0,2.0,Batch_1,3.347826086810964,0.020408163265097874,53,F1_Triton_77.0_0.25,constrained_cy,8983.408435727875,0.01,99.99999053888556,0.2589148359947125,2.0,17.393959791743317,0.984716393375237,302.54983723678316
Triton,73.0,0.25,96.0,2.0,0.0,2.0,Batch_1,2.7037037036035665,0.020408163265097874,54,F1_Triton_73.0_0.25,constrained_cy,6574.104598353016,0.01,99.99843929305264,0.19627548780103762,2.0,14.055037478803253,0.970755232587651,197.54407853056412
Triton,73.0,0.25,96.0,2.0,0.0,2.0,Batch_1,2.7037037036035665,0.020408163265097874,55,F1_Triton_73.0_0.25,constrained_cy,3725.124004601129,0.01,99.99956575826862,0.27145749700157995,2.0,10.382628808944103,0.973645612299228,107.79898098431606
Triton,69.0,0.5,96.0,2.0,0.0,2.0,Batch_1,2.225806451541103,0.020408163265097874,56,F1_Triton_69.0_0.5,constrained_cy,269.3104002442046,0.01,99.99999974107395,0.47069819938513935,2.0,0.9584165824015879,0.9907097536581015,0.9185623454223396
Triton,77.0,0.5,96.0,2.0,0.0,2.0,Batch_1,3.347826086810964,0.020408163265097874,57,F1_Triton_77.0_0.5,constrained_cy,3394.5931572662726,0.01,99.99141184380339,0.3388513636070437,2.0,5.8037914252119,0.9934788275843877,33.68399490736318
Triton,73.0,0.5,96.0,2.0,0.0,2.0,Batch_1,2.7037037036035665,0.020408163265097874,58,F1_Triton_73.0_0.5,constrained_cy,1325.1149102413553,0.01,99.99954121112461,0.35073338818267097,2.0,4.752277973385967,0.9772426524876275,22.58414593632943
Triton,77.0,0.5,96.0,2.0,0.0,2.0,Batch_1,3.347826086810964,0.020408163265097874,59,F1_Triton_77.0_0.5,constrained_cy,1949.5321475665608,0.01,99.99999932563846,0.4107416697790087,2.0,3.883504017677098,0.9950504994747552,15.081603455314161
Triton,73.0,0.25,96.0,2.0,0.0,2.0,Batch_1,2.7037037036035665,0.020408163265097874,60,F1_Triton_73.0_0.25,constrained_cy,581.272319032697,0.01,99.99999736504743,0.4474378777918012,2.0,3.457177016844705,0.9725161245431011,11.952072925799252
Triton,69.0,0.5,96.0,2.0,0.0,2.0,Batch_1,2.225806451541103,0.020408163265097874,61,F1_Triton_69.0_0.5,constrained_cy,9.274019287579407,0.01,0.9317975468659099,0.6148752534198965,2.0,1.3965702566717293e-08,1.0,1.95040848182014e-16
Triton,77.0,0.5,96.0,2.0,0.0,2.0,Batch_1,3.347826086810964,0.020408163265097874,62,F1_Triton_77.0_0.5,constrained_cy,4772.227716246588,0.01,99.99698386476591,0.31799460114873496,2.0,10.300532382208747,0.9882163854678222,106.100967356931
Triton,73.0,0.5,96.0,0.0,2.0,2.0,Batch_1,2.7037037036035665,0.02083333333311632,63,F3_Triton_73.0_0.5,constrained_cy,7.449949206066916,0.01,99.58071576249233,0.8464342400683716,2.0,0.024665337460414983,0.9989771371687249,0.0006083788720361506
Triton,73.0,0.5,96.0,0.0,2.0,2.0,Batch_1,2.7037037036035665,0.02083333333311632,64,F3_Triton_73.0_0.5,constrained_cy,4.568849081622817,0.01,0.3925263725148164,0.8468899169962584,2.0,8.848574982768522e-11,1.0,7.829727922567695e-21
Triton,73.0,0.5,96.0,0.0,2.0,2.0,Batch_1,2.7037037036035665,0.02083333333311632,65,F3_Triton_73.0_0.5,constrained_cy,4.850452274354564,0.01,0.445281201268504,0.8427527488615634,2.0,5.0817855943115534e-12,1.0,2.5824544826552427e-23
Tego,74.0,0.5,96.0,2.0,0.0,2.0,Batch_2,2.8461538460443787,0.020408163265097874,66,F1_Tego_74.0_0.5,constrained_cy,118.15823680372945,0.01,99.9855665704148,0.6565517647442402,2.0,0.28895138167679746,0.9987697884819412,0.08349290097293029
none,74.0,0.0,96.0,0.0,2.0,2.0,Batch_2,2.8461538460443787,0.02083333333311632,67,F3_none_74.0_0.0,constrained_cy,19.135136571831936,0.01,0.4545131129062651,0.740348529377603,2.0,1.0255800994045674e-15,1.0,1.0518145402946823e-30
Tego,74.0,0.5,96.0,2.0,0.0,2.0,Batch_2,2.8461538460443787,0.020408163265097874,68,F1_Tego_74.0_0.5,constrained_cy,201.67862158798727,0.01,99.99999313004966,0.6009171359164027,2.0,0.9576474135496084,0.9936402643331763,0.9170885686782547
Triton,77.0,0.0,96.0,2.0,0.0,2.0,Batch_2,3.347826086810964,0.020408163265097874,69,F1_Triton_77.0_0.0,constrained_cy,1922.2548470326788,0.01,99.99999971575319,0.44516742994782815,2.0,4.380360469105177,0.9951066800057905,19.187557839299327
Tego,69.0,0.25,96.0,2.0,0.0,2.0,Batch_2,2.225806451541103,0.020408163265097874,70,F1_Tego_69.0_0.25,constrained_cy,5.934455587471683,0.01,1.411475758112723,0.7586163538171117,2.0,1.301532404928224e-10,1.0,1.693986601078246e-20
Tego,74.0,0.0,96.0,2.0,0.0,2.0,Batch_2,2.8461538460443787,0.020408163265097874,71,F1_Tego_74.0_0.0,constrained_cy,1062.0705200335951,0.01,99.99710812934335,0.42534361036450236,2.0,6.257672615696066,0.9685081500622715,39.158466565232445
Tego,69.0,0.5,97.0,1.5,0.0,1.5,Batch_2,2.225806451541103,0.015228426395784483,72,F2_Tego_69.0_0.5,constrained_cy,2.13542236811166,0.01,1.8628996621802092,0.8215758663398036,2.0,2.7811490184931606e-10,1.0,7.73478986306547e-20
Triton,74.0,0.0,96.0,2.0,0.0,2.0,Batch_2,2.8461538460443787,0.020408163265097874,73,F1_Triton_74.0_0.0,constrained_cy,435.48955305691317,0.01,99.99901977488935,0.5182689695424451,2.0,2.2808725583833804,0.9865846170873378,5.202379627586347
Triton,72.0,0.25,96.0,2.0,0.0,2.0,Batch_2,2.571428571336735,0.020408163265097874,74,F1_Triton_72.0_0.25,constrained_cy,198.5267972104865,0.01,99.99999990275205,0.5615468793540329,2.0,1.3265799672190972,0.9844490215547895,1.759814409427021
Triton,69.0,0.5,96.0,2.0,0.0,2.0,Batch_2,2.225806451541103,0.020408163265097874,75,F1_Triton_69.0_0.5,constrained_cy,5.131063299723742,0.01,0.37598665168943995,0.7432213949683659,2.0,5.397766270153343e-13,1.0,2.9135880707205127e-25
Tego,77.0,0.0,96.0,2.0,0.0,2.0,Batch_2,3.347826086810964,0.020408163265097874,76,F1_Tego_77.0_0.0,constrained_cy,4019.643572685054,0.01,99.99999941079928,0.3657421497750272,2.0,10.832808743363724,0.987763613010095,117.34974527029755
Tego,77.0,0.25,97.0,1.5,0.0,1.5,Batch_2,3.347826086810964,0.015228426395784483,77,F2_Tego_77.0_0.25,constrained_cy,1722.3301224760344,0.01,99.99902031358084,0.3656213817494727,2.0,11.409321201103443,0.9427891237609354,130.17261026994854
Tego,74.0,0.25,97.0,1.5,0.0,1.5,Batch_2,2.8461538460443787,0.015228426395784483,78,F2_Tego_74.0_0.25,constrained_cy,101.26458546703147,0.01,99.99997000833783,0.5933812339138115,2.0,1.2791212438305475,0.9610430990561605,1.6361511564186069
Hypermer,74.0,0.5,96.0,2.0,0.0,2.0,Batch_2,2.8461538460443787,0.020408163265097874,79,F1_Hypermer_74.0_0.5,constrained_cy,174.12929337685395,0.01,99.97204486651175,0.6050889214108746,2.0,1.107785651166469,0.9893100793637762,1.2271890489303177
Hypermer,72.0,0.25,96.0,2.0,0.0,2.0,Batch_2,2.571428571336735,0.020408163265097874,80,F1_Hypermer_72.0_0.25,constrained_cy,130.53751383167955,0.01,99.99988600334513,0.5948416472228902,2.0,1.0140384168411676,0.9835447163942818,1.0282739108297416
Tego,72.0,0.0,97.0,1.5,0.0,1.5,Batch_2,2.571428571336735,0.015228426395784483,81,F2_Tego_72.0_0.0,constrained_cy,70.70887773507869,0.01,99.99999999871932,0.593215523389954,2.0,0.9623243110206365,0.955790802466195,0.9260680795813427
Tego,74.0,0.5,97.0,1.5,0.0,1.5,Batch_2,2.8461538460443787,0.015228426395784483,82,F2_Tego_74.0_0.5,constrained_cy,68.75672719274087,0.01,99.99999768853581,0.6308580095294827,2.0,0.6704380903028085,0.9801208918252131,0.4494872329288768
Triton,77.0,0.25,96.0,2.0,0.0,2.0,Batch_2,3.347826086810964,0.020408163265097874,83,F1_Triton_77.0_0.25,constrained_cy,2133.632524854921,0.01,99.9999926145825,0.42986195453019616,2.0,3.1487056480549755,0.9975916598247724,9.914347258093303
Hypermer,69.0,0.0,96.0,2.0,0.0,2.0,Batch_2,2.225806451541103,0.020408163265097874,84,F1_Hypermer_69.0_0.0,constrained_cy,3.8612419581859645,0.01,0.47953271982514106,0.8090631108475232,2.0,1.7701008185763618e-14,1.0,3.1332569079247063e-28
Triton,77.0,0.5,96.0,2.0,0.0,2.0,Batch_2,3.347826086810964,0.020408163265097874,85,F1_Triton_77.0_0.5,constrained_cy,1786.167638739798,0.01,99.98946011463109,0.44845461924286145,2.0,2.4434408847637794,0.9982016381898596,5.970403357335201
Hypermer,69.0,0.5,96.0,2.0,0.0,2.0,Batch_2,2.225806451541103,0.020408163265097874,86,F1_Hypermer_69.0_0.5,constrained_cy,19.976050897679244,0.01,99.99999999913231,0.7024240992330621,2.0,0.2690601651340946,0.975896637967878,0.07239337246198625
Tego,72.0,0.5,97.0,1.5,0.0,1.5,Batch_2,2.571428571336735,0.015228426395784483,87,F2_Tego_72.0_0.5,constrained_cy,2.0948913375203504,0.01,1.3468398667346364,0.8240227429648995,2.0,1.5110812291412098e-11,1.0,2.283366481062909e-22
Tego,77.0,0.5,97.0,1.5,0.0,1.5,Batch_2,3.347826086810964,0.015228426395784483,88,F2_Tego_77.0_0.5,constrained_cy,176.49269408703597,0.01,99.99989101235838,0.6296060133191045,2.0,0.3603834711721282,0.998969169673479,0.12987624629407216
Tego,76.0,0.0,96.0,2.0,0.0,2.0,Batch_2,3.1666666665347223,0.020408163265097874,89,F1_Tego_76.0_0.0,constrained_cy,843.6036480623956,0.01,99.9995620795195,0.5007270824420417,2.0,1.1761871814835545,0.9987554832660638,1.383416285886228
Triton,74.0,0.5,96.0,2.0,0.0,2.0,Batch_2,2.8461538460443787,0.020408163265097874,90,F1_Triton_74.0_0.5,constrained_cy,156.40846984450988,0.01,98.89572323166766,0.6329367973815884,2.0,0.19428075936455869,0.9996239507050388,0.037745013459269554
Tego,77.0,0.0,,,,,Batch_2,3.347826086810964,,91,B_Tego_77.0_0.0,constrained_cy,255.65307973420119,0.01,3.169131628657577,0.4623862752852398,2.0,5.1904325128817514e-11,1.0,2.694058967077997e-21
Triton,69.0,0.0,96.0,2.0,0.0,2.0,Batch_2,2.225806451541103,0.020408163265097874,92,F1_Triton_69.0_0.0,constrained_cy,4.939946808328045,0.01,1.003661940509418,0.7982835688105947,2.0,7.865055195815287e-13,1.0,6.185909323322105e-25
Hypermer,74.0,0.0,96.0,2.0,0.0,2.0,Batch_2,2.8461538460443787,0.020408163265097874,93,F1_Hypermer_74.0_0.0,constrained_cy,196.45982250474606,0.01,99.99998464112147,0.6092204863354432,2.0,0.5103624557363027,0.9981074203774283,0.26046983622518954
Tego,72.0,0.25,97.0,1.5,0.0,1.5,Batch_2,2.571428571336735,0.015228426395784483,94,F2_Tego_72.0_0.25,constrained_cy,21.712347500827033,0.01,99.99999993214166,0.7279773226113855,2.0,0.26821007387892987,0.9817320728554341,0.07193664373014103
Tego,74.0,0.5,96.0,2.0,0.0,2.0,Batch_2,2.8461538460443787,0.020408163265097874,95,F1_Tego_74.0_0.5,constrained_cy,550.829117389806,0.01,99.99999744649254,0.47724522110413925,2.0,4.090587901930124,0.9671620517548066,16.73290938341709
Tego,77.0,0.25,96.0,2.0,0.0,2.0,Batch_2,3.347826086810964,0.020408163265097874,96,F1_Tego_77.0_0.25,constrained_cy,1333.7940873891716,0.01,99.99999192099999,0.459455261456859,2.0,6.591050538537877,0.9817345305124556,43.44194720156043
Tego,72.0,0.0,96.0,2.0,0.0,2.0,Batch_2,2.571428571336735,0.020408163265097874,97,F1_Tego_72.0_0.0,constrained_cy,219.88518864308517,0.01,99.99999992007376,0.5378138742349423,2.0,1.7846282049208333,0.9743226662655514,3.1848978297989556
Triton,72.0,0.0,96.0,2.0,0.0,2.0,Batch_2,2.571428571336735,0.020408163265097874,98,F1_Triton_72.0_0.0,constrained_cy,337.80852157075236,0.01,99.99998588095374,0.5012532578787816,2.0,3.1168506516523284,0.9595339930370395,9.714757984705544
Tego,69.0,0.5,96.0,2.0,0.0,2.0,Batch_2,2.225806451541103,0.020408163265097874,99,F1_Tego_69.0_0.5,constrained_cy,3.1219164770919012,0.01,0.3283802276660873,0.8244520634128659,2.0,1.0309999746218372e-12,1.0,1.062960947670229e-24
Tego,72.0,0.25,96.0,2.0,0.0,2.0,Batch_2,2.571428571336735,0.020408163265097874,100,F1_Tego_72.0_0.25,constrained_cy,14.725334418875354,0.01,1.717781473634813,0.7321618370724341,2.0,2.3498992183808826e-15,1.0,5.5220263365470826e-30
Hypermer,77.0,0.0,96.0,2.0,0.0,2.0,Batch_2,3.347826086810964,0.020408163265097874,101,F1_Hypermer_77.0_0.0,constrained_cy,1480.4934634928586,0.01,99.99981527307823,0.43418468173248387,2.0,3.5212226079518407,0.9942323921026931,12.399008654751162
Triton,74.0,0.25,96.0,2.0,0.0,2.0,Batch_2,2.8461538460443787,0.020408163265097874,102,F1_Triton_74.0_0.25,constrained_cy,197.47170742492378,0.01,99.99697072581206,0.6105390544945059,2.0,0.37390769388864253,0.9989876125112168,0.1398069635491228
Triton,72.0,0.5,96.0,2.0,0.0,2.0,Batch_2,2.571428571336735,0.020408163265097874,103,F1_Triton_72.0_0.5,constrained_cy,34.15995531413123,0.01,98.52057732210721,0.7385004946125288,2.0,0.00174090164208442,0.999999658953642,3.0307385274122295e-06
Hypermer,77.0,0.25,96.0,2.0,0.0,2.0,Batch_2,3.347826086810964,0.020408163265097874,104,F1_Hypermer_77.0_0.25,constrained_cy,463.4045317506284,0.01,99.98733661476234,0.5831425251752831,2.0,1.7044214444424282,0.9955805941749399,2.905052460275213
Hypermer,74.0,0.25,96.0,2.0,0.0,2.0,Batch_2,2.8461538460443787,0.020408163265097874,105,F1_Hypermer_74.0_0.25,constrained_cy,54.48231922707219,0.01,99.99999772369551,0.7285233014340905,2.0,0.15242263129325875,0.9989445602895791,0.0232326585303607
Hypermer,72.0,0.5,96.0,2.0,0.0,2.0,Batch_2,2.571428571336735,0.020408163265097874,106,F1_Hypermer_72.0_0.5,constrained_cy,37.908153249039636,0.01,99.99999999062766,0.6802508522992613,2.0,0.4459358157444164,0.9788743550370474,0.19885875176363807
Triton,69.0,0.0,96.0,2.0,0.0,2.0,Batch_2,2.225806451541103,0.020408163265097874,107,F1_Triton_69.0_0.0,constrained_cy,9.793244590220976,0.01,99.99472664596217,0.7977785183283079,2.0,0.030922603416735285,0.9989924871127376,0.0009562074020686888
Tego,77.0,0.0,96.0,2.0,0.0,2.0,Batch_2,3.347826086810964,0.020408163265097874,108,F1_Tego_77.0_0.0,constrained_cy,1577.9604503017981,0.01,99.98979330764963,0.4625550290385282,2.0,1.7091960933401307,0.9989767238216392,2.9213512854891643
Triton,74.0,0.5,96.0,2.0,0.0,2.0,Batch_2,2.8461538460443787,0.020408163265097874,109,F1_Triton_74.0_0.5,constrained_cy,275.15610011981875,0.01,99.99901656346738,0.5624265092527532,2.0,1.871632075265377,0.9840350355120187,3.503006625162182
Hypermer,74.0,0.5,96.0,2.0,0.0,2.0,Batch_2,2.8461538460443787,0.020408163265097874,110,F1_Hypermer_74.0_0.5,constrained_cy,115.77231149726553,0.01,99.9491461666694,0.6371164854680188,2.0,0.7385945934524982,0.991223770655642,0.5455219734772611
Triton,69.0,0.5,96.0,2.0,0.0,2.0,Batch_2,2.225806451541103,0.020408163265097874,111,F1_Triton_69.0_0.5,constrained_cy,7317.360379301795,0.01,99.99733544663744,0.08199670536471267,2.0,1.776699949308283,0.9986674978705921,3.1566627098720548
Tego,72.0,0.0,96.0,2.0,0.0,2.0,Batch_2,2.571428571336735,0.020408163265097874,112,F1_Tego_72.0_0.0,constrained_cy,51.673066815263866,0.01,99.98862452331907,0.6938097081860494,2.0,0.5319112304799588,0.9845775418959049,0.28292955711070383
Hypermer,74.0,0.0,96.0,2.0,0.0,2.0,Batch_2,2.8461538460443787,0.020408163265097874,113,F1_Hypermer_74.0_0.0,constrained_cy,198.81810660116724,0.01,99.97432330495506,0.6024298252034459,2.0,0.9365358663064639,0.9937994832874771,0.8770994288783988
Triton,72.0,0.0,96.0,2.0,0.0,2.0,Batch_2,2.571428571336735,0.020408163265097874,114,F1_Triton_72.0_0.0,constrained_cy,80.29888805677909,0.01,99.99989507835203,0.6501067452388037,2.0,0.6157135342884735,0.9885695641416389,0.3791031563060033
Tego,77.0,0.25,96.0,2.0,0.0,2.0,Batch_2,3.347826086810964,0.020408163265097874,115,F1_Tego_77.0_0.25,constrained_cy,1431.326536617292,0.01,99.99356650475231,0.4671926724189854,2.0,2.4531842881894135,0.9975990496735256,6.018113151819399
Hypermer,77.0,0.0,96.0,2.0,0.0,2.0,Batch_2,3.347826086810964,0.020408163265097874,116,F1_Hypermer_77.0_0.0,constrained_cy,2263.0992282486795,0.01,99.99999549018328,0.4166900676467375,2.0,5.486903245188389,0.9931670623267742,30.106107222058867
Triton,77.0,0.25,96.0,2.0,0.0,2.0,Batch_2,3.347826086810964,0.020408163265097874,117,F1_Triton_77.0_0.25,constrained_cy,2399.3826490246993,0.01,99.99999999999828,0.4111461922038711,2.0,5.049220876089885,0.9945294171432447,25.494631455541903
Triton,72.0,0.25,96.0,2.0,0.0,2.0,Batch_2,2.571428571336735,0.020408163265097874,118,F1_Triton_72.0_0.25,constrained_cy,49.85725307619786,0.01,99.99810105945645,0.6922183923971245,2.0,0.4647260203135166,0.9870523108101131,0.21597027395643908
Triton,72.0,0.25,96.0,2.0,0.0,2.0,Batch_2,2.571428571336735,0.020408163265097874,119,F1_Triton_72.0_0.25,constrained_cy,42.98569860243317,0.01,99.99074883961113,0.7212662493543001,2.0,0.1299800714903071,0.998723184504474,0.016894818984625345
Hypermer,77.0,0.25,96.0,2.0,0.0,2.0,Batch_2,3.347826086810964,0.020408163265097874,120,F1_Hypermer_77.0_0.25,constrained_cy,402.340760299823,0.01,99.9986437109378,0.5913599930344241,2.0,2.152356006806503,0.9915250566247334,4.632636380036036
Triton,74.0,0.25,96.0,2.0,0.0,2.0,Batch_2,2.8461538460443787,0.020408163265097874,121,F1_Triton_74.0_0.25,constrained_cy,718.9195101698616,0.01,99.99035698012364,0.46705255698703396,2.0,3.622377339347289,0.9820814087926982,13.121617588616745
Hypermer,72.0,0.5,96.0,2.0,0.0,2.0,Batch_2,2.571428571336735,0.020408163265097874,122,F1_Hypermer_72.0_0.5,constrained_cy,69.00069702754209,0.01,99.99565442731202,0.6496352273809016,2.0,0.4443562671978802,0.9917235185358665,0.19745249219803387
Hypermer,72.0,0.25,96.0,2.0,0.0,2.0,Batch_2,2.571428571336735,0.020408163265097874,123,F1_Hypermer_72.0_0.25,constrained_cy,83.73633846755034,0.01,99.99970139470649,0.6341737883243721,2.0,0.6840092376690103,0.9858681198270338,0.46786863721654065
Hypermer,69.0,0.5,96.0,2.0,0.0,2.0,Batch_2,2.225806451541103,0.020408163265097874,124,F1_Hypermer_69.0_0.5,constrained_cy,25.79720259760308,0.01,99.99245278214666,0.6927304660943691,2.0,0.15793257199630517,0.9941458887402268,0.024942697297368113
Tego,69.0,0.0,96.0,2.0,0.0,2.0,Batch_2,2.225806451541103,0.020408163265097874,125,F1_Tego_69.0_0.0,constrained_cy,90.11936458093366,0.01,99.99988522207022,0.5731311675886552,2.0,1.3182706872273149,0.944166409079756,1.7378376048027773
Tego,69.0,0.5,96.0,2.0,0.0,2.0,Batch_2,2.225806451541103,0.020408163265097874,126,F1_Tego_69.0_0.5,constrained_cy,2.5350405553323263,0.01,0.30237229761487144,0.8171100106891097,2.0,8.693389422394974e-12,1.0,7.557501964940883e-23
Triton,72.0,0.5,96.0,2.0,0.0,2.0,Batch_2,2.571428571336735,0.020408163265097874,127,F1_Triton_72.0_0.5,constrained_cy,39.56539769831584,0.01,99.97505807685937,0.710164032034667,2.0,0.30248530088094644,0.9918711258236241,0.09149735724903668
Tego,74.0,0.0,96.0,2.0,0.0,2.0,Batch_2,2.8461538460443787,0.020408163265097874,128,F1_Tego_74.0_0.0,constrained_cy,236.8612114743196,0.01,99.99999926547945,0.5851964417302489,2.0,1.1302465790327738,0.9928685654527559,1.2774573294152882
Hypermer,74.0,0.25,96.0,2.0,0.0,2.0,Batch_2,2.8461538460443787,0.020408163265097874,129,F1_Hypermer_74.0_0.25,constrained_cy,91.58336669205687,0.01,99.99999628372495,0.669843775638414,2.0,0.7398710694480736,0.9887742280544851,0.5474091994062361
Hypermer,69.0,0.0,96.0,2.0,0.0,2.0,Batch_2,2.225806451541103,0.020408163265097874,130,F1_Hypermer_69.0_0.0,constrained_cy,3.9699945903434677,0.01,0.8696232521195245,0.8045319196007511,2.0,2.7995988625014395e-11,1.0,7.837753790919354e-22
Tego,69.0,0.25,96.0,2.0,0.0,2.0,Batch_2,2.225806451541103,0.020408163265097874,131,F1_Tego_69.0_0.25,constrained_cy,5.493012967560836,0.01,0.4662871562188505,0.6844048024825544,2.0,7.010622961573824e-10,1.0,4.914883430934613e-19
Triton,77.0,0.0,96.0,2.0,0.0,2.0,Batch_2,3.347826086810964,0.020408163265097874,132,F1_Triton_77.0_0.0,constrained_cy,2291.1250873355816,0.01,99.97598349573737,0.42298580794648943,2.0,3.938419235324434,0.9965978982430594,15.5111460731735
Triton,77.0,0.5,96.0,2.0,0.0,2.0,Batch_2,3.347826086810964,0.020408163265097874,133,F1_Triton_77.0_0.5,constrained_cy,1581.6765464914338,0.01,99.99998691749236,0.4606252287868966,2.0,0.606120545277251,0.9998656017294345,0.36738211540719207
Triton,74.0,0.0,96.0,2.0,0.0,2.0,Batch_2,2.8461538460443787,0.020408163265097874,134,F1_Triton_74.0_0.0,constrained_cy,237.7926582814867,0.01,99.96136955703531,0.5731876394544695,2.0,1.5229534244417515,0.9866743149099411,2.3193871330188576
Tego,74.0,0.5,96.0,2.0,0.0,2.0,Batch_2,2.8461538460443787,0.020408163265097874,135,F1_Tego_74.0_0.5,constrained_cy,1034.6257900050155,0.01,99.99999954118454,0.420074293372433,2.0,4.819160462189072,0.9782270961558918,23.22430756032639
