Dispersent_Type,Solid_Content_pct,Solid_Additive_pct,NMC_pct,C65_pct,KS6L_pct,PVDF_pct,Source_Batch,Solid_to_Liquid_Ratio,Binder_to_Active_Ratio,row_index,Composite_Mix_ID,model_name,eta_inf_sisko,k_sisko,n_sisko,curve_rmse,curve_r2,curve_mse
Hypermer,73.0,0.25,96.0,2.0,0.0,2.0,Batch_1,2.7037037036035665,0.020408163265097874,0,F1_Hypermer_73.0_0.25,sisko,3.0503367076970256,68.60156329229393,0.2064093300722154,5.457318709897018e-12,1.0,2.978232750139205e-23
Hypermer,73.0,0.25,96.0,2.0,0.0,2.0,Batch_1,2.7037037036035665,0.020408163265097874,1,F1_Hypermer_73.0_0.25,sisko,1.040512183054934,8.605877816876523,0.41307280040796174,5.237208659257514e-11,1.0,2.742835454060189e-21
Hypermer,77.0,0.25,96.0,2.0,0.0,2.0,Batch_1,3.347826086810964,0.020408163265097874,2,F1_Hypermer_77.0_0.25,sisko,3.4303370444712176,57.68036295494783,0.42491521755809253,4.3789665272934827e-10,1.0,1.9175347847156745e-19
Hypermer,73.0,0.25,96.0,2.0,0.0,2.0,Batch_1,2.7037037036035665,0.020408163265097874,3,F1_Hypermer_73.0_0.25,sisko,0.000100000000000001,8.641692850917252,0.7198640410351635,0.23635986216014157,0.9909768103936427,0.05586598444036112
Hypermer,77.0,0.25,96.0,2.0,0.0,2.0,Batch_1,3.347826086810964,0.020408163265097874,4,F1_Hypermer_77.0_0.25,sisko,4.007390186782408,158.7686098776894,0.19678797313500695,3.892477809018025e-08,1.0,1.5151383493697764e-15
Hypermer,69.0,0.5,96.0,2.0,0.0,2.0,Batch_1,2.225806451541103,0.020408163265097874,5,F1_Hypermer_69.0_0.5,sisko,0.8568767954946744,4.124643204397462,0.54738800901394,1.312080528503229e-10,1.0,1.721555313277313e-20
Hypermer,69.0,0.5,96.0,2.0,0.0,2.0,Batch_1,2.225806451541103,0.020408163265097874,6,F1_Hypermer_69.0_0.5,sisko,0.4858006126860352,2.5643293870663078,0.5042567369840739,2.485952337603116e-10,1.0,6.179959024834398e-20
Hypermer,69.0,0.5,96.0,2.0,0.0,2.0,Batch_1,2.225806451541103,0.020408163265097874,7,F1_Hypermer_69.0_0.5,sisko,0.4359824478583515,2.4319175521414307,0.4212867744499637,1.667391866344611e-13,1.0,2.7801956359521654e-26
Hypermer,77.0,0.25,96.0,2.0,0.0,2.0,Batch_1,3.347826086810964,0.020408163265097874,8,F1_Hypermer_77.0_0.25,sisko,4.941693194157315,162.8103068058433,0.20492877351567673,3.7189972410663277e-13,1.0,1.3830940479058956e-25
Hypermer,73.0,0.5,97.0,1.5,0.0,1.5,Batch_1,2.7037037036035665,0.015228426395784483,9,F2_Hypermer_73.0_0.5,sisko,0.4925242666451226,3.5869157267030096,0.3846012239517975,4.995062666421878e-09,1.0,2.495065104148164e-17
Hypermer,73.0,0.5,97.0,1.5,0.0,1.5,Batch_1,2.7037037036035665,0.015228426395784483,10,F2_Hypermer_73.0_0.5,sisko,0.00010000000282893582,6.801207662742551,0.5502116283225252,0.04394586526918145,0.9996874765015781,0.0019312390742570482
Hypermer,73.0,0.5,97.0,1.5,0.0,1.5,Batch_1,2.7037037036035665,0.015228426395784483,11,F2_Hypermer_73.0_0.5,sisko,0.4200857982158511,4.325444201739521,0.4419669890500651,3.4057735739874543e-11,1.0,1.1599293637271278e-21
Hypermer,73.0,0.5,96.0,0.0,2.0,2.0,Batch_1,2.7037037036035665,0.02083333333311632,12,F3_Hypermer_73.0_0.5,sisko,1.6967776539236006,4.286452342178106,0.5906788934078109,7.268429715350576e-09,1.0,5.283007052699126e-17
Hypermer,73.0,0.5,96.0,0.0,2.0,2.0,Batch_1,2.7037037036035665,0.02083333333311632,13,F3_Hypermer_73.0_0.5,sisko,0.0001000000000032229,12.567029142431172,0.6743915355057639,0.3219811625976828,0.9931737479689369,0.10367186906775544
Hypermer,73.0,0.5,96.0,0.0,2.0,2.0,Batch_1,2.7037037036035665,0.02083333333311632,14,F3_Hypermer_73.0_0.5,sisko,1.744571754969493,4.586198243673878,0.5448354484401975,2.1065929750583104e-09,1.0,4.437733962565023e-18
none,73.0,0.0,96.0,2.0,0.0,2.0,Batch_1,2.7037037036035665,0.020408163265097874,15,F1_none_73.0_0.0,sisko,2.625873546489597,28.50472644432092,0.3329101808236366,6.057143576386673e-09,1.0,3.668898830496234e-17
none,73.0,0.0,96.0,2.0,0.0,2.0,Batch_1,2.7037037036035665,0.020408163265097874,16,F1_none_73.0_0.0,sisko,1.756082983611583,24.911617004941995,0.44406031629625553,8.838461257956932e-09,1.0,7.811839740840562e-17
none,69.0,0.0,96.0,2.0,0.0,2.0,Batch_1,2.225806451541103,0.020408163265097874,17,F1_none_69.0_0.0,sisko,0.00010000052396521386,7.81185006803748,0.5461918913931437,0.0815511512965781,0.9991769661136332,0.006650590277797372
none,69.0,0.0,96.0,2.0,0.0,2.0,Batch_1,2.225806451541103,0.020408163265097874,18,F1_none_69.0_0.0,sisko,0.00010000000000038068,6.271419083689042,0.7071565684013098,0.2503518247406466,0.980923482354797,0.06267603615097143
none,69.0,0.0,96.0,2.0,0.0,2.0,Batch_1,2.225806451541103,0.020408163265097874,19,F1_none_69.0_0.0,sisko,0.00010000000887045695,5.988419457017159,0.7175399568461704,0.26279960490786447,0.9758867817180455,0.06906363233972967
none,73.0,0.0,96.0,2.0,0.0,2.0,Batch_1,2.7037037036035665,0.020408163265097874,20,F1_none_73.0_0.0,sisko,2.341198331175271,127.82754001673754,0.05000000000246156,3.655552450983539,0.9962701014715707,13.363063721891761
none,69.0,0.0,96.0,2.0,0.0,2.0,Batch_1,2.225806451541103,0.020408163265097874,21,F1_none_69.0_0.0,sisko,0.0001000000000039722,5.461702660821375,0.6605079323556214,0.22176124389829935,0.9826740681789442,0.04917804929532101
none,73.0,0.0,96.0,2.0,0.0,2.0,Batch_1,2.7037037036035665,0.020408163265097874,22,F1_none_73.0_0.0,sisko,2.3108006974131414,142.98450335003758,0.05000000000000001,6.593222154399376,0.9908914399518716,43.47057837726275
none,73.0,0.0,97.0,1.5,0.0,1.5,Batch_1,2.7037037036035665,0.015228426395784483,23,F2_none_73.0_0.0,sisko,0.0001000000000474688,5.189967780764623,0.7701232387304395,0.16150574089941458,0.985450680104956,0.026084104343468834
none,73.0,0.0,97.0,1.5,0.0,1.5,Batch_1,2.7037037036035665,0.015228426395784483,24,F2_none_73.0_0.0,sisko,0.3222504992899692,3.0418195007100115,0.5734587215549523,2.3814391708484577e-14,1.0,5.67125252445139e-28
none,73.0,0.0,97.0,1.5,0.0,1.5,Batch_1,2.7037037036035665,0.015228426395784483,25,F2_none_73.0_0.0,sisko,1.1753943735320425,14.82300562571765,0.30835617486236755,4.794668417033056e-10,1.0,2.298884522929427e-19
none,74.0,0.0,96.0,2.0,0.0,2.0,Batch_1,2.8461538460443787,0.020408163265097874,26,F1_none_74.0_0.0,sisko,2.2672922736739483,44.10770772632639,0.4476061396711293,2.352275890714717e-13,1.0,5.533201866037714e-26
Tego,73.0,0.5,96.0,2.0,0.0,2.0,Batch_1,2.7037037036035665,0.020408163265097874,27,F1_Tego_73.0_0.5,sisko,0.0001000000156441478,8.546699082728647,0.7668865467236614,0.1172045033848801,0.997344982143512,0.013736895613696372
Tego,77.0,0.25,96.0,2.0,0.0,2.0,Batch_1,3.347826086810964,0.020408163265097874,28,F1_Tego_77.0_0.25,sisko,1.7890078772563813,45.64749223141547,0.5484137354258118,7.907980564734457e-08,1.0,6.253615661221791e-15
Tego,69.0,0.25,96.0,2.0,0.0,2.0,Batch_1,2.225806451541103,0.020408163265097874,29,F1_Tego_69.0_0.25,sisko,0.00010000000000000002,5.457747592920897,0.7270120525794596,0.25256457576455604,0.972121934734812,0.06378886493113017
Tego,77.0,0.25,96.0,2.0,0.0,2.0,Batch_1,3.347826086810964,0.020408163265097874,30,F1_Tego_77.0_0.25,sisko,5.199466979002283,235.0005328724656,0.1731856936187047,8.799817367118652e-08,1.0,7.743678569464306e-15
Tego,77.0,0.25,96.0,2.0,0.0,2.0,Batch_1,3.347826086810964,0.020408163265097874,31,F1_Tego_77.0_0.25,sisko,4.234677541607023,245.7253224599378,0.2661850480065034,9.518087185489097e-10,1.0,9.059398367057174e-19
Tego,73.0,0.25,96.0,2.0,0.0,2.0,Batch_1,2.7037037036035665,0.020408163265097874,32,F1_Tego_73.0_0.25,sisko,2.242617610536893,70.5656823894628,0.21028712586822298,2.2667872401810415e-13,1.0,5.1383243922475825e-26
Tego,69.0,0.5,96.0,2.0,0.0,2.0,Batch_1,2.225806451541103,0.020408163265097874,33,F1_Tego_69.0_0.5,sisko,0.00010000000005554592,5.57245256171041,0.7165881729727019,0.16447246087982487,0.9895476623767235,0.02705119038786552
Tego,73.0,0.25,96.0,2.0,0.0,2.0,Batch_1,2.7037037036035665,0.020408163265097874,34,F1_Tego_73.0_0.25,sisko,1.6048876123524463,44.93961238764782,0.17388554050014035,1.8605730340456562e-13,1.0,3.4617320150178585e-26
Tego,73.0,0.5,96.0,2.0,0.0,2.0,Batch_1,2.7037037036035665,0.020408163265097874,35,F1_Tego_73.0_0.5,sisko,2.199042963382982,47.226057011652586,0.2613586808956019,1.5317252760920354e-08,1.0,2.3461823214192216e-16
Tego,73.0,0.5,96.0,2.0,0.0,2.0,Batch_1,2.7037037036035665,0.020408163265097874,36,F1_Tego_73.0_0.5,sisko,0.00010000103445003403,7.804024017942754,0.7649201595944845,0.1657136574844237,0.9935596440462664,0.0274610162768649
Tego,69.0,0.25,96.0,2.0,0.0,2.0,Batch_1,2.225806451541103,0.020408163265097874,37,F1_Tego_69.0_0.25,sisko,0.00010000000000970746,2.990218548901234,0.749253463433634,0.21732603433917017,0.9214423726582297,0.04723060520159017
Tego,69.0,0.5,96.0,2.0,0.0,2.0,Batch_1,2.225806451541103,0.020408163265097874,38,F1_Tego_69.0_0.5,sisko,0.00010000001837870739,5.486468545765285,0.6852229453451251,0.04490317492650715,0.9993215233075056,0.0020162951184805006
Tego,69.0,0.25,96.0,2.0,0.0,2.0,Batch_1,2.225806451541103,0.020408163265097874,39,F1_Tego_69.0_0.25,sisko,0.00010000000000001277,1.775166614629481,0.8432127573236718,0.08654823695218833,0.9418152924190785,0.007490597319532138
Tego,73.0,0.25,96.0,2.0,0.0,2.0,Batch_1,2.7037037036035665,0.020408163265097874,40,F1_Tego_73.0_0.25,sisko,2.1852829690365887,69.01851703096361,0.18624259767076423,1.1735276191770413e-13,1.0,1.377167072971335e-26
Tego,69.0,0.5,96.0,2.0,0.0,2.0,Batch_1,2.225806451541103,0.020408163265097874,41,F1_Tego_69.0_0.5,sisko,0.00010000000006112574,3.267046778101869,0.7551089063147596,0.19983965094395728,0.9440758527726545,0.039935886089402683
Tego,73.0,0.5,97.0,1.5,0.0,1.5,Batch_1,2.7037037036035665,0.015228426395784483,42,F2_Tego_73.0_0.5,sisko,0.6259108207177937,2.005739178824242,0.5812559200330779,6.933640640397064e-10,1.0,4.80753725301658e-19
Tego,73.0,0.5,97.0,1.5,0.0,1.5,Batch_1,2.7037037036035665,0.015228426395784483,43,F2_Tego_73.0_0.5,sisko,0.0001000001167755265,3.1702766302588183,0.8370030886432521,0.024133124392874444,0.9987405304548841,0.0005824076929619514
Tego,73.0,0.5,97.0,1.5,0.0,1.5,Batch_1,2.7037037036035665,0.015228426395784483,44,F2_Tego_73.0_0.5,sisko,0.00010000000881859499,3.4261651679284704,0.811071699556912,0.04366680664301135,0.9970528212620223,0.0019067900023981403
Tego,73.0,0.5,96.0,0.0,2.0,2.0,Batch_1,2.7037037036035665,0.02083333333311632,45,F3_Tego_73.0_0.5,sisko,0.8205686294776243,1.6818913705219423,0.5823666745003124,5.097838034883369e-13,1.0,2.598795262990353e-25
Tego,73.0,0.5,96.0,0.0,2.0,2.0,Batch_1,2.7037037036035665,0.02083333333311632,46,F3_Tego_73.0_0.5,sisko,0.00010000000000970886,5.457596536342073,0.8568211101143957,0.09462859598001473,0.9920058126290409,0.00895457117714886
Tego,73.0,0.5,96.0,0.0,2.0,2.0,Batch_1,2.7037037036035665,0.02083333333311632,47,F3_Tego_73.0_0.5,sisko,0.0001000024474871618,7.4984828562679855,0.8556639490896686,0.14959834853475473,0.989483259576244,0.022379665884325956
Triton,73.0,0.5,96.0,2.0,0.0,2.0,Batch_1,2.7037037036035665,0.020408163265097874,48,F1_Triton_73.0_0.5,sisko,2.416770537527653,22.80092944006743,0.33462908404068964,1.5222918240615435e-08,1.0,2.317372397604622e-16
Triton,77.0,0.25,96.0,2.0,0.0,2.0,Batch_1,3.347826086810964,0.020408163265097874,49,F1_Triton_77.0_0.25,sisko,3.756521978644126,167.2394781606075,0.24964830103084967,8.536933783994744e-08,1.0,7.287923843231082e-15
Triton,77.0,0.25,96.0,2.0,0.0,2.0,Batch_1,3.347826086810964,0.020408163265097874,50,F1_Triton_77.0_0.25,sisko,4.648485237336959,153.8105147626628,0.21454745031418176,1.7526320730480173e-13,1.0,3.0717191834765903e-26
Triton,69.0,0.5,96.0,2.0,0.0,2.0,Batch_1,2.225806451541103,0.020408163265097874,51,F1_Triton_69.0_0.5,sisko,1.3410172895789596,28.139382710402025,0.2015621906590755,1.1476175268660948e-11,1.0,1.3170259879702518e-22
Triton,73.0,0.5,96.0,2.0,0.0,2.0,Batch_1,2.7037037036035665,0.020408163265097874,52,F1_Triton_73.0_0.5,sisko,2.0901867467564434,87.9428515585397,0.05000000386171754,2.633389784237006,0.9959310139041042,6.9347417557238265
Triton,77.0,0.25,96.0,2.0,0.0,2.0,Batch_1,3.347826086810964,0.020408163265097874,53,F1_Triton_77.0_0.25,sisko,6.028639959931978,318.66535161821065,0.08351859717866426,4.937303038839814e-06,0.9999999999999988,2.437696129733686e-11
Triton,73.0,0.25,96.0,2.0,0.0,2.0,Batch_1,2.7037037036035665,0.020408163265097874,54,F1_Triton_73.0_0.25,sisko,2.384750152725301,169.60838199905123,0.05000000000000001,8.109176005894675,0.9902649629430853,65.7587354945779
Triton,73.0,0.25,96.0,2.0,0.0,2.0,Batch_1,2.7037037036035665,0.020408163265097874,55,F1_Triton_73.0_0.25,sisko,3.3425577528964645,142.03668975528646,0.050000001087552655,1.0672674550696244,0.9997215259007673,1.139059820650793
Triton,69.0,0.5,96.0,2.0,0.0,2.0,Batch_1,2.225806451541103,0.020408163265097874,56,F1_Triton_69.0_0.5,sisko,1.124975076939872,23.87032492306043,0.32563380187645774,2.1576277368229608e-13,1.0,4.6553574507077715e-26
Triton,77.0,0.5,96.0,2.0,0.0,2.0,Batch_1,3.347826086810964,0.020408163265097874,57,F1_Triton_77.0_0.5,sisko,3.437100453100866,167.51389954904846,0.22461682420490986,1.3017373589848227e-09,1.0,1.694520151776781e-18
Triton,73.0,0.5,96.0,2.0,0.0,2.0,Batch_1,2.7037037036035665,0.020408163265097874,58,F1_Triton_73.0_0.5,sisko,2.483429155695321,71.84317082016818,0.12305683845681359,1.4006782918111445e-08,1.0,1.9618996771509857e-16
Triton,77.0,0.5,96.0,2.0,0.0,2.0,Batch_1,3.347826086810964,0.020408163265097874,59,F1_Triton_77.0_0.5,sisko,3.499570855267988,131.80143061773413,0.3094595124815469,9.257617036723631e-07,0.9999999999999997,8.570347319863562e-13
Triton,73.0,0.25,96.0,2.0,0.0,2.0,Batch_1,2.7037037036035665,0.020408163265097874,60,F1_Triton_73.0_0.25,sisko,2.9015476679706733,48.13175104417026,0.18265173875292845,7.832101010875043e-07,0.9999999999999986,6.134180624454987e-13
Triton,69.0,0.5,96.0,2.0,0.0,2.0,Batch_1,2.225806451541103,0.020408163265097874,61,F1_Triton_69.0_0.5,sisko,0.00010000039912665676,8.418864616730904,0.6479773771276273,0.15500206606637426,0.9967872387863226,0.02402564048484465
Triton,77.0,0.5,96.0,2.0,0.0,2.0,Batch_1,3.347826086810964,0.020408163265097874,62,F1_Triton_77.0_0.5,sisko,5.058051243917388,218.06494801158476,0.1622534422684886,4.4055770867321074e-07,1.0,1.9409109467138962e-13
Triton,73.0,0.5,96.0,0.0,2.0,2.0,Batch_1,2.7037037036035665,0.02083333333311632,63,F3_Triton_73.0_0.5,sisko,0.612347730223328,3.0919922698314326,0.7979062137713916,1.114928509381089e-10,1.0,1.2430655810307371e-20
Triton,73.0,0.5,96.0,0.0,2.0,2.0,Batch_1,2.7037037036035665,0.02083333333311632,64,F3_Triton_73.0_0.5,sisko,0.00010000000000001276,4.628739097625679,0.8807022369707926,0.12374391171386682,0.9749650222906725,0.015312555686249266
Triton,73.0,0.5,96.0,0.0,2.0,2.0,Batch_1,2.7037037036035665,0.02083333333311632,65,F3_Triton_73.0_0.5,sisko,0.0001000000000000434,4.889305795765029,0.873813423964896,0.11923793004618367,0.9808453646976315,0.014217683961698592
Tego,74.0,0.5,96.0,2.0,0.0,2.0,Batch_2,2.8461538460443787,0.020408163265097874,66,F1_Tego_74.0_0.5,sisko,1.3086038493745398,23.367896150625494,0.6040966731689964,3.3754675243204674e-14,1.0,1.1393781007742147e-27
none,74.0,0.0,96.0,0.0,2.0,2.0,Batch_2,2.8461538460443787,0.02083333333311632,67,F3_none_74.0_0.0,sisko,0.00010000000020162849,19.360632173190993,0.7902758690457183,0.6679509627209824,0.979987816339914,0.44615848859988727
Tego,74.0,0.5,96.0,2.0,0.0,2.0,Batch_2,2.8461538460443787,0.020408163265097874,68,F1_Tego_74.0_0.5,sisko,2.532259468847517,30.889640531094305,0.4783917077407755,4.443265711925395e-11,1.0,1.9742610186771884e-21
Triton,77.0,0.0,96.0,2.0,0.0,2.0,Batch_2,3.347826086810964,0.020408163265097874,69,F1_Triton_77.0_0.0,sisko,4.781536836779204,151.2624631632233,0.34330949310511644,2.682861085497958e-12,1.0,7.197743604079281e-24
Tego,69.0,0.25,96.0,2.0,0.0,2.0,Batch_2,2.225806451541103,0.020408163265097874,70,F1_Tego_69.0_0.25,sisko,0.00010000000000172443,5.241004705390857,0.7700568712491987,0.03747678616821403,0.9992807771736113,0.0014045095014980386
Tego,74.0,0.0,96.0,2.0,0.0,2.0,Batch_2,2.8461538460443787,0.020408163265097874,71,F1_Tego_74.0_0.0,sisko,4.507577078994924,80.69472287391196,0.1411544944645652,2.8335310978271066e-08,1.0,8.028898482353288e-16
Tego,69.0,0.5,97.0,1.5,0.0,1.5,Batch_2,2.225806451541103,0.015228426395784483,72,F2_Tego_69.0_0.5,sisko,0.0001000000005325019,1.875972599804483,0.8278829613537338,0.006479581545232352,0.9997617204096839,4.198497700131568e-05
Triton,74.0,0.0,96.0,2.0,0.0,2.0,Batch_2,2.8461538460443787,0.020408163265097874,73,F1_Triton_74.0_0.0,sisko,3.2794307687528934,47.479069026884275,0.33805905575993833,1.3358158883243484e-07,1.0,1.7844040874997683e-14
Triton,72.0,0.25,96.0,2.0,0.0,2.0,Batch_2,2.571428571336735,0.020408163265097874,74,F1_Triton_72.0_0.25,sisko,2.3855995626549116,25.88860043474331,0.3631239624515517,1.7525754713398124e-09,1.0,3.0715207827419654e-18
Triton,69.0,0.5,96.0,2.0,0.0,2.0,Batch_2,2.225806451541103,0.020408163265097874,75,F1_Triton_69.0_0.5,sisko,0.00010000000000000057,5.258790681346232,0.8020681894147594,0.2134417612745858,0.9700064790412457,0.04555738545599728
Tego,77.0,0.0,96.0,2.0,0.0,2.0,Batch_2,3.347826086810964,0.020408163265097874,76,F1_Tego_77.0_0.0,sisko,6.811532706929696,227.111467293069,0.2037915788539758,7.562587597699973e-13,1.0,5.719273117288544e-25
Tego,77.0,0.25,97.0,1.5,0.0,1.5,Batch_2,3.347826086810964,0.015228426395784483,77,F2_Tego_77.0_0.25,sisko,4.595287270676636,101.7351081508811,0.05000000000000001,2.9742257562851293,0.9961121737625982,8.846018849349848
Tego,74.0,0.25,97.0,1.5,0.0,1.5,Batch_2,2.8461538460443787,0.015228426395784483,78,F2_Tego_74.0_0.25,sisko,2.212509358892253,15.19189064080436,0.24692315200222087,2.0704197258924176e-10,1.0,4.286637841364434e-20
Hypermer,74.0,0.5,96.0,2.0,0.0,2.0,Batch_2,2.8461538460443787,0.020408163265097874,79,F1_Hypermer_74.0_0.5,sisko,2.7696153489848028,27.018684650955286,0.4424512763622287,4.879170840189924e-11,1.0,2.3806308087759644e-21
Hypermer,72.0,0.25,96.0,2.0,0.0,2.0,Batch_2,2.571428571336735,0.020408163265097874,80,F1_Hypermer_72.0_0.25,sisko,2.196266303849465,19.43423369533189,0.3881667543252453,5.990438889305848e-10,1.0,3.5885358086507887e-19
Tego,72.0,0.0,97.0,1.5,0.0,1.5,Batch_2,2.571428571336735,0.015228426395784483,81,F2_Tego_72.0_0.0,sisko,1.6035900192049042,10.647309974149861,0.21685901059358145,4.5291258980846145e-09,1.0,2.0512981400700766e-17
Tego,74.0,0.5,97.0,1.5,0.0,1.5,Batch_2,2.8461538460443787,0.015228426395784483,82,F2_Tego_74.0_0.5,sisko,1.7355878106834346,11.743212167966819,0.3986286946591021,1.6696775588591093e-08,1.0,2.787823150557714e-16
Triton,77.0,0.25,96.0,2.0,0.0,2.0,Batch_2,3.347826086810964,0.020408163265097874,83,F1_Triton_77.0_0.25,sisko,3.3613703719411037,155.9536297730964,0.3599540114188654,9.291465499456648e-08,1.0,8.633133112759318e-15
Hypermer,69.0,0.0,96.0,2.0,0.0,2.0,Batch_2,2.225806451541103,0.020408163265097874,84,F1_Hypermer_69.0_0.0,sisko,0.00010000000995660819,3.882250322482847,0.8444139793839637,0.10187207828882193,0.9834045900236548,0.010377920334883864
Triton,77.0,0.5,96.0,2.0,0.0,2.0,Batch_2,3.347826086810964,0.020408163265097874,85,F1_Triton_77.0_0.5,sisko,2.9582884156938727,141.64371163088146,0.3879944071844593,3.0215271262084355e-08,1.0,9.129626174413406e-16
Hypermer,69.0,0.5,96.0,2.0,0.0,2.0,Batch_2,2.225806451541103,0.020408163265097874,86,F1_Hypermer_69.0_0.5,sisko,1.0535310229231185,4.365038976686037,0.4401290929745479,3.769578504636598e-10,1.0,1.4209722102618292e-19
Tego,72.0,0.5,97.0,1.5,0.0,1.5,Batch_2,2.571428571336735,0.015228426395784483,87,F2_Tego_72.0_0.5,sisko,0.00010000000023074715,1.924975199791001,0.8337145033264994,0.011806564230626503,0.9992072872329836,0.00013939495893190918
Tego,77.0,0.5,97.0,1.5,0.0,1.5,Batch_2,3.347826086810964,0.015228426395784483,88,F2_Tego_77.0_0.5,sisko,1.3737407945339017,31.166659205466395,0.5819428006676425,3.438986622020638e-13,1.0,1.1826628986436917e-25
Tego,76.0,0.0,96.0,2.0,0.0,2.0,Batch_2,3.1666666665347223,0.020408163265097874,89,F1_Tego_76.0_0.0,sisko,1.9752046624249346,84.40419535519257,0.449897038303463,1.1812884277673296e-08,1.0,1.3954423495770093e-16
Triton,74.0,0.5,96.0,2.0,0.0,2.0,Batch_2,2.8461538460443787,0.020408163265097874,90,F1_Triton_74.0_0.5,sisko,0.8018569191223918,28.426843082056113,0.6044066168005983,8.938204203987045e-10,1.0,7.989149439217169e-19
Tego,77.0,0.0,,,,,Batch_2,3.347826086810964,,91,B_Tego_77.0_0.0,sisko,0.00010000000047880268,134.60149566364277,0.4680958850173755,0.3696437043217442,0.999950155384948,0.13663646814470107
Triton,69.0,0.0,96.0,2.0,0.0,2.0,Batch_2,2.225806451541103,0.020408163265097874,92,F1_Triton_69.0_0.0,sisko,0.0001000000000025722,4.656767660855224,0.8140170479912903,0.050951633557762464,0.9977945204341462,0.0025960689622045057
Hypermer,74.0,0.0,96.0,2.0,0.0,2.0,Batch_2,2.8461538460443787,0.020408163265097874,93,F1_Hypermer_74.0_0.0,sisko,1.6258057348992423,31.557494265114528,0.5443224204097165,1.019333147702812e-11,1.0,1.0390400660057225e-22
Tego,72.0,0.25,97.0,1.5,0.0,1.5,Batch_2,2.571428571336735,0.015228426395784483,94,F2_Tego_72.0_0.25,sisko,1.343893689025327,5.1898463109638975,0.5049316954041628,1.1568881947679695e-11,1.0,1.3383902951934914e-22
Tego,74.0,0.5,96.0,2.0,0.0,2.0,Batch_2,2.8461538460443787,0.020408163265097874,95,F1_Tego_74.0_0.5,sisko,3.859924642712004,52.06007436080452,0.17903796205194106,6.125955938775298e-07,0.9999999999999992,3.752733616381635e-13
Tego,77.0,0.25,96.0,2.0,0.0,2.0,Batch_2,3.347826086810964,0.020408163265097874,96,F1_Tego_77.0_0.25,sisko,6.426360063320224,114.4016399360409,0.24951581645723866,3.94888479679693e-10,1.0,1.559369113837393e-19
Tego,72.0,0.0,96.0,2.0,0.0,2.0,Batch_2,2.571428571336735,0.020408163265097874,97,F1_Tego_72.0_0.0,sisko,2.5096436447308323,26.307656081780262,0.2744235820277339,1.764094505782834e-07,0.9999999999999998,3.1120294253331814e-14
Triton,72.0,0.0,96.0,2.0,0.0,2.0,Batch_2,2.571428571336735,0.020408163265097874,98,F1_Triton_72.0_0.0,sisko,3.1715309073108595,35.57826903119362,0.15830894671646933,3.822033938068444e-08,1.0,1.4607943423746976e-15
Tego,69.0,0.5,96.0,2.0,0.0,2.0,Batch_2,2.225806451541103,0.020408163265097874,99,F1_Tego_69.0_0.5,sisko,0.00010000000054034891,3.1923477760055072,0.8694116924234178,0.10938876042380487,0.9636451703492994,0.011965900907056579
Tego,72.0,0.25,96.0,2.0,0.0,2.0,Batch_2,2.571428571336735,0.020408163265097874,100,F1_Tego_72.0_0.25,sisko,0.00010000001187411946,12.329196435963812,0.7410512090277004,0.06784155424167732,0.9996291689090862,0.004602476481926445
Hypermer,77.0,0.0,96.0,2.0,0.0,2.0,Batch_2,3.347826086810964,0.020408163265097874,101,F1_Hypermer_77.0_0.0,sisko,3.5543058333020876,111.22169416670157,0.32344734168747946,3.2099282542470737e-12,1.0,1.0303639397413666e-23
Triton,74.0,0.25,96.0,2.0,0.0,2.0,Batch_2,2.8461538460443787,0.020408163265097874,102,F1_Triton_74.0_0.25,sisko,1.2583806966097801,32.10521938022178,0.5634998957996397,5.66749800296031e-08,1.0,3.2120533613559103e-15
Triton,72.0,0.5,96.0,2.0,0.0,2.0,Batch_2,2.571428571336735,0.020408163265097874,103,F1_Triton_72.0_0.5,sisko,0.0272817871789065,10.266718261480385,0.7376487284189653,4.2420646102867075e-08,0.9999999999999998,1.7995112157846915e-15
Hypermer,77.0,0.25,96.0,2.0,0.0,2.0,Batch_2,3.347826086810964,0.020408163265097874,104,F1_Hypermer_77.0_0.25,sisko,4.220610341736961,66.11888965785947,0.4826476761030062,2.756185774357263e-10,1.0,7.596560022769345e-20
Hypermer,74.0,0.25,96.0,2.0,0.0,2.0,Batch_2,2.8461538460443787,0.020408163265097874,105,F1_Hypermer_74.0_0.25,sisko,1.1938055993495265,14.59779440065509,0.6795367205380944,4.211319901211865e-12,1.0,1.7735215310343114e-23
Hypermer,72.0,0.5,96.0,2.0,0.0,2.0,Batch_2,2.571428571336735,0.020408163265097874,106,F1_Hypermer_72.0_0.5,sisko,1.555714212147704,7.719385779971814,0.43804082057875476,6.866731654697076e-09,1.0,4.715200361761884e-17
Triton,69.0,0.0,96.0,2.0,0.0,2.0,Batch_2,2.225806451541103,0.020408163265097874,107,F1_Triton_69.0_0.0,sisko,0.4551377345099613,3.4425723152200605,0.7496637054914819,5.0105772324042915e-08,0.9999999999999973,2.510588420188825e-15
Tego,77.0,0.0,96.0,2.0,0.0,2.0,Batch_2,3.347826086810964,0.020408163265097874,108,F1_Tego_77.0_0.0,sisko,2.319630341618419,133.06736966141844,0.4171140032401384,2.0102563252211067e-09,1.0,4.041130493091468e-18
Triton,74.0,0.5,96.0,2.0,0.0,2.0,Batch_2,2.8461538460443787,0.020408163265097874,109,F1_Triton_74.0_0.5,sisko,3.3602887803499843,36.0197112148186,0.36103938622787046,3.258958951703613e-09,1.0,1.0620813448889112e-17
Hypermer,74.0,0.5,96.0,2.0,0.0,2.0,Batch_2,2.8461538460443787,0.020408163265097874,110,F1_Hypermer_74.0_0.5,sisko,2.336246880883377,20.42665311911653,0.49023618292383325,7.786476715365958e-14,1.0,6.062921963893623e-27
Triton,69.0,0.5,96.0,2.0,0.0,2.0,Batch_2,2.225806451541103,0.020408163265097874,111,F1_Triton_69.0_0.5,sisko,0.24743063024436984,108.14153259758878,0.05000000049632283,0.7921707273358694,0.9997351028339916,0.6275344612478403
Tego,72.0,0.0,96.0,2.0,0.0,2.0,Batch_2,2.571428571336735,0.020408163265097874,112,F1_Tego_72.0_0.0,sisko,2.1847574627809743,11.106342525629287,0.4915819244192825,1.132414318742273e-08,1.0,1.2823621892925265e-16
Hypermer,74.0,0.0,96.0,2.0,0.0,2.0,Batch_2,2.8461538460443787,0.020408163265097874,113,F1_Hypermer_74.0_0.0,sisko,2.5087657315131433,30.651134268431246,0.48151933913518136,4.250785300663453e-11,1.0,1.8069175672336484e-21
Triton,72.0,0.0,96.0,2.0,0.0,2.0,Batch_2,2.571428571336735,0.020408163265097874,114,F1_Triton_72.0_0.0,sisko,2.0204591689828573,14.82734082790411,0.47990062281013474,2.9027191210461687e-09,1.0,8.425778295687042e-18
Tego,77.0,0.25,96.0,2.0,0.0,2.0,Batch_2,3.347826086810964,0.020408163265097874,115,F1_Tego_77.0_0.25,sisko,3.2378818024974216,123.52911846752706,0.39654749822786667,1.7647557291322932e-07,1.0,3.1143627835052514e-14
Hypermer,77.0,0.0,96.0,2.0,0.0,2.0,Batch_2,3.347826086810964,0.020408163265097874,116,F1_Hypermer_77.0_0.0,sisko,4.924902214276709,157.8250977857279,0.2962303695591931,4.040983935018542e-12,1.0,1.632955116307794e-23
Triton,77.0,0.25,96.0,2.0,0.0,2.0,Batch_2,3.347826086810964,0.020408163265097874,117,F1_Triton_77.0_0.25,sisko,4.5091215047656945,162.7308784952359,0.30434532704725453,1.0147963499768109e-12,1.0,1.0298116319262579e-24
Triton,72.0,0.25,96.0,2.0,0.0,2.0,Batch_2,2.571428571336735,0.020408163265097874,118,F1_Triton_72.0_0.25,sisko,1.9638382599334496,10.709661739693292,0.508925100370103,2.2395948682911448e-10,1.0,5.01578517407603e-20
Triton,72.0,0.25,96.0,2.0,0.0,2.0,Batch_2,2.571428571336735,0.020408163265097874,119,F1_Triton_72.0_0.25,sisko,0.9481248269710135,11.121375173197551,0.6672972033835468,1.430018559699222e-10,1.0,2.044953081084237e-20
Hypermer,77.0,0.25,96.0,2.0,0.0,2.0,Batch_2,3.347826086810964,0.020408163265097874,120,F1_Hypermer_77.0_0.25,sisko,5.130980007918961,59.148219991791315,0.44862714391579517,2.1514677431251107e-10,1.0,4.628813449707857e-20
Triton,74.0,0.25,96.0,2.0,0.0,2.0,Batch_2,2.8461538460443787,0.020408163265097874,121,F1_Triton_74.0_0.25,sisko,3.7021225274612664,63.638877472496674,0.2587232407764752,2.592872198051456e-11,1.0,6.7229862354281875e-22
Hypermer,72.0,0.5,96.0,2.0,0.0,2.0,Batch_2,2.571428571336735,0.020408163265097874,122,F1_Hypermer_72.0_0.5,sisko,1.5428293647820743,12.791870631777307,0.5070272189733955,3.23215179105278e-09,1.0,1.0446805200405694e-17
Hypermer,72.0,0.25,96.0,2.0,0.0,2.0,Batch_2,2.571428571336735,0.020408163265097874,123,F1_Hypermer_72.0_0.25,sisko,1.9460559428918411,14.514044057106762,0.4430339893520274,1.1499387465885562e-12,1.0,1.3223591209056597e-24
Hypermer,69.0,0.5,96.0,2.0,0.0,2.0,Batch_2,2.225806451541103,0.020408163265097874,124,F1_Hypermer_69.0_0.5,sisko,0.7812374872077703,5.688782512787273,0.5736339170598811,7.662934715895907e-12,1.0,5.87205684600827e-23
Tego,69.0,0.0,96.0,2.0,0.0,2.0,Batch_2,2.225806451541103,0.020408163265097874,125,F1_Tego_69.0_0.0,sisko,1.8131986080353217,12.753301390347163,0.13558789454153147,1.0688009455686218e-09,1.0,1.1423354612483798e-18
Tego,69.0,0.5,96.0,2.0,0.0,2.0,Batch_2,2.225806451541103,0.020408163265097874,126,F1_Tego_69.0_0.5,sisko,0.00010000000000080176,2.6027922032627537,0.8670539026818944,0.0976842283888424,0.9573721108845545,0.009542208475923524
Triton,72.0,0.5,96.0,2.0,0.0,2.0,Batch_2,2.571428571336735,0.020408163265097874,127,F1_Triton_72.0_0.5,sisko,1.5898978257289436,9.20110217426371,0.5680070584106424,8.973464272263974e-12,1.0,8.052306104559801e-23
Tego,74.0,0.0,96.0,2.0,0.0,2.0,Batch_2,2.8461538460443787,0.020408163265097874,128,F1_Tego_74.0_0.0,sisko,2.6686874657463155,33.98151253423141,0.45535046261620266,1.546348344042872e-11,1.0,2.3911932011241317e-22
Hypermer,74.0,0.25,96.0,2.0,0.0,2.0,Batch_2,2.8461538460443787,0.020408163265097874,129,F1_Hypermer_74.0_0.25,sisko,2.7662480848958424,18.215351915104144,0.5009310336544943,1.0255800994045675e-14,1.0,1.0518145402946825e-28
Hypermer,69.0,0.0,96.0,2.0,0.0,2.0,Batch_2,2.225806451541103,0.020408163265097874,130,F1_Hypermer_69.0_0.0,sisko,0.00010000000000538025,3.8075059142571845,0.8231336564146425,0.05000758229852991,0.9965893674962072,0.002500758287344242
Tego,69.0,0.25,96.0,2.0,0.0,2.0,Batch_2,2.225806451541103,0.020408163265097874,131,F1_Tego_69.0_0.25,sisko,0.0001000000023076849,5.557155087794575,0.7443270153746271,0.2114748493811666,0.9802666191952089,0.0447216119207871
Triton,77.0,0.0,96.0,2.0,0.0,2.0,Batch_2,3.347826086810964,0.020408163265097874,132,F1_Triton_77.0_0.0,sisko,3.9335417546553773,162.8814588685391,0.339480229458765,3.959989653414823e-07,1.0,1.5681518055152448e-13
Triton,77.0,0.5,96.0,2.0,0.0,2.0,Batch_2,3.347826086810964,0.020408163265097874,133,F1_Triton_77.0_0.5,sisko,0.8740069598133815,131.97799312198242,0.44442354063737,5.425517758084325e-08,1.0,2.9436242943288355e-15
Triton,74.0,0.0,96.0,2.0,0.0,2.0,Batch_2,2.8461538460443787,0.020408163265097874,134,F1_Triton_74.0_0.0,sisko,3.0176308442377118,32.47026915432235,0.39075471969850534,9.989040291762934e-10,1.0,9.97809259504633e-19
Tego,74.0,0.5,96.0,2.0,0.0,2.0,Batch_2,2.8461538460443787,0.020408163265097874,135,F1_Tego_74.0_0.5,sisko,3.667848454448723,75.52975154503602,0.19152975153523985,3.107395836233112e-10,1.0,9.655908883038884e-20
