Dispersent_Type,Solid_Content_pct,Solid_Additive_pct,NMC_pct,C65_pct,KS6L_pct,PVDF_pct,Source_Batch,Solid_to_Liquid_Ratio,Binder_to_Active_Ratio,row_index,Composite_Mix_ID,model_name,eta_0,eta_inf,lambda_time,n_w,curve_rmse,curve_r2,curve_mse
Hypermer,73.0,0.25,96.0,2.0,0.0,2.0,Batch_1,2.7037037036035665,0.020408163265097874,0,F1_Hypermer_73.0_0.25,williamson,193.88667651310075,3.688343947451792,1.8168852662949828,0.982999047241267,1.6515103934888355e-13,1.0,2.7274865798016483e-26
Hypermer,73.0,0.25,96.0,2.0,0.0,2.0,Batch_1,2.7037037036035665,0.020408163265097874,1,F1_Hypermer_73.0_0.25,williamson,22.002863465873123,1.2772654348603325,1.6232008560019067,0.8043575076597479,2.3278610411057704e-09,1.0,5.418937026698042e-18
Hypermer,77.0,0.25,96.0,2.0,0.0,2.0,Batch_1,3.347826086810964,0.020408163265097874,2,F1_Hypermer_77.0_0.25,williamson,150.7860669013284,5.028125757321565,1.8273306359446262,0.7785786005822086,1.6731261025690215e-07,1.0,2.799350955097804e-14
Hypermer,73.0,0.25,96.0,2.0,0.0,2.0,Batch_1,2.7037037036035665,0.020408163265097874,3,F1_Hypermer_73.0_0.25,williamson,13.16646967069874,0.5411533819778797,0.37603087623632464,0.5012946137877057,5.2256908783883546e-09,1.0,2.7307845156471254e-17
Hypermer,77.0,0.25,96.0,2.0,0.0,2.0,Batch_1,3.347826086810964,0.020408163265097874,4,F1_Hypermer_77.0_0.25,williamson,553.0681484535489,5.143668767793513,2.6013616348062514,0.9483232732724183,1.8237917154264275e-10,1.0,3.3262162212580707e-20
Hypermer,69.0,0.5,96.0,2.0,0.0,2.0,Batch_1,2.225806451541103,0.020408163265097874,5,F1_Hypermer_69.0_0.5,williamson,9.89978540586492,1.0908901577844434,1.4033088381163346,0.6917417016322852,2.101929871072191e-09,1.0,4.418109182905558e-18
Hypermer,69.0,0.5,96.0,2.0,0.0,2.0,Batch_1,2.225806451541103,0.020408163265097874,6,F1_Hypermer_69.0_0.5,williamson,6.264295904178634,0.6018509293675772,1.4515912941829445,0.7303768480058663,5.2003462850925094e-11,1.0,2.704360148487546e-21
Hypermer,69.0,0.5,96.0,2.0,0.0,2.0,Batch_1,2.225806451541103,0.020408163265097874,7,F1_Hypermer_69.0_0.5,williamson,6.0308762189023755,0.5095486402129572,1.4348235865520527,0.813068116911276,8.098363576295468e-07,0.9999999999993096,6.558349261386912e-13
Hypermer,77.0,0.25,96.0,2.0,0.0,2.0,Batch_1,3.347826086810964,0.020408163265097874,8,F1_Hypermer_77.0_0.25,williamson,473.49241350490786,6.395359562361207,1.9240772876643086,0.9765799399688353,1.3863231719824388e-07,1.0,1.9218919371754505e-14
Hypermer,73.0,0.5,97.0,1.5,0.0,1.5,Batch_1,2.7037037036035665,0.015228426395784483,9,F2_Hypermer_73.0_0.5,williamson,8.944338520823397,0.5819978554936035,1.4782676344854415,0.8443043019427636,3.331553320706379e-09,1.0,1.1099247528709703e-17
Hypermer,73.0,0.5,97.0,1.5,0.0,1.5,Batch_1,2.7037037036035665,0.015228426395784483,10,F2_Hypermer_73.0_0.5,williamson,12.789361749345632,0.39520654734347,0.9360023870216307,0.7202195186183032,7.225011503518758e-11,1.0,5.220079122597839e-21
Hypermer,73.0,0.5,97.0,1.5,0.0,1.5,Batch_1,2.7037037036035665,0.015228426395784483,11,F2_Hypermer_73.0_0.5,williamson,10.304270087662152,0.5649811892687533,1.432203944717799,0.7932000575921027,7.722409076412363e-09,1.0,5.963560194345605e-17
Hypermer,73.0,0.5,96.0,0.0,2.0,2.0,Batch_1,2.7037037036035665,0.02083333333311632,12,F3_Hypermer_73.0_0.5,williamson,11.894689288706369,1.9703313182065885,1.8726160372069698,0.6174978447649457,2.5020657169485685e-09,1.0,6.260332851929355e-18
Hypermer,73.0,0.5,96.0,0.0,2.0,2.0,Batch_1,2.7037037036035665,0.02083333333311632,13,F3_Hypermer_73.0_0.5,williamson,20.432400229193735,0.681344022198457,0.5428025521870459,0.5415180170021501,5.894217792196527e-10,1.0,3.4741803381846094e-19
Hypermer,73.0,0.5,96.0,0.0,2.0,2.0,Batch_1,2.7037037036035665,0.02083333333311632,14,F3_Hypermer_73.0_0.5,williamson,12.978132929322982,1.9747472501354284,1.895998790789284,0.6606699276157695,1.6461413295834393e-08,0.9999999999999999,2.709781276962734e-16
none,73.0,0.0,96.0,2.0,0.0,2.0,Batch_1,2.7037037036035665,0.020408163265097874,15,F1_none_73.0_0.0,williamson,101.52724644870509,3.006458662666422,3.108916226952808,0.8089025637268661,1.6863646787245374e-10,1.0,2.843825829649712e-20
none,73.0,0.0,96.0,2.0,0.0,2.0,Batch_1,2.7037037036035665,0.020408163265097874,16,F1_none_73.0_0.0,williamson,60.840302418258666,2.567890312494176,1.5653269127088079,0.779344827975136,2.8813457615721034e-09,1.0,8.302153397729525e-18
none,69.0,0.0,96.0,2.0,0.0,2.0,Batch_1,2.225806451541103,0.020408163265097874,17,F1_none_69.0_0.0,williamson,14.449048355584543,0.41019637478981047,0.8985345098554826,0.714660180938027,5.234331826970608e-09,1.0,2.739822967483747e-17
none,69.0,0.0,96.0,2.0,0.0,2.0,Batch_1,2.225806451541103,0.020408163265097874,18,F1_none_69.0_0.0,williamson,8.451001277531581,0.2732326003395083,0.2162692681152271,0.5478997995046238,3.718515345417919e-10,1.0,1.3827356374108548e-19
none,69.0,0.0,96.0,2.0,0.0,2.0,Batch_1,2.225806451541103,0.020408163265097874,19,F1_none_69.0_0.0,williamson,7.594998145418567,0.30680052630932975,0.1609740168801256,0.5692100124510485,4.911276998221645e-09,1.0,2.4120641753261016e-17
none,73.0,0.0,96.0,2.0,0.0,2.0,Batch_1,2.7037037036035665,0.020408163265097874,20,F1_none_73.0_0.0,williamson,903.9055860425738,2.9282050239603197,5.0349043067019945,1.0820576642893063,0.00034091018104297536,0.9999999999675607,1.1621975153875422e-07
none,69.0,0.0,96.0,2.0,0.0,2.0,Batch_1,2.225806451541103,0.020408163265097874,21,F1_none_69.0_0.0,williamson,7.382427135324564,0.26518688112668537,0.2695043635635718,0.6179966455635362,6.346010299152388e-08,0.9999999999999986,4.027184671694818e-15
none,73.0,0.0,96.0,2.0,0.0,2.0,Batch_1,2.7037037036035665,0.020408163265097874,22,F1_none_73.0_0.0,williamson,588.0703041527138,3.2814575788683453,2.404308897967303,1.1794831224383615,4.115461104154634e-09,1.0,1.6937020099809684e-17
none,73.0,0.0,97.0,1.5,0.0,1.5,Batch_1,2.7037037036035665,0.015228426395784483,23,F2_none_73.0_0.0,williamson,7.132052507322851,0.3391775781576199,0.1810564784893207,0.465039890957327,3.972770579968804e-09,1.0,1.578290608106567e-17
none,73.0,0.0,97.0,1.5,0.0,1.5,Batch_1,2.7037037036035665,0.015228426395784483,24,F2_none_73.0_0.0,williamson,6.651811873762941,0.5272773369375222,1.2420020159581602,0.6807113385904724,1.5010315939614567e-09,1.0,2.2530958460704714e-18
none,73.0,0.0,97.0,1.5,0.0,1.5,Batch_1,2.7037037036035665,0.015228426395784483,25,F2_none_73.0_0.0,williamson,55.17967310228757,1.3437225136247832,3.288910395929611,0.826033443345514,2.467341781503856e-09,1.0,6.087775466754623e-18
none,74.0,0.0,96.0,2.0,0.0,2.0,Batch_1,2.8461538460443787,0.020408163265097874,26,F1_none_74.0_0.0,williamson,105.73000807952258,3.7445537836063965,1.5294418679605781,0.7789257569592792,1.0360402527239136e-07,1.0,1.0733794052642309e-14
Tego,73.0,0.5,96.0,2.0,0.0,2.0,Batch_1,2.7037037036035665,0.020408163265097874,27,F1_Tego_73.0_0.5,williamson,13.940320862534017,1.1219438620305455,0.5453803637492731,0.4602634936124303,1.3836854240615976e-08,1.0,1.914585352760523e-16
Tego,77.0,0.25,96.0,2.0,0.0,2.0,Batch_1,3.347826086810964,0.020408163265097874,28,F1_Tego_77.0_0.25,williamson,98.23710863732825,4.4890317988052155,1.2695933151824006,0.703531662375984,6.942922461106145e-08,1.0,4.820417230093221e-15
Tego,69.0,0.25,96.0,2.0,0.0,2.0,Batch_1,2.225806451541103,0.020408163265097874,29,F1_Tego_69.0_0.25,williamson,6.935511069288717,0.12992989873184324,0.13874928869245903,0.533583036938512,9.834089987461277e-10,1.0,9.670932588148612e-19
Tego,77.0,0.25,96.0,2.0,0.0,2.0,Batch_1,3.347826086810964,0.020408163265097874,30,F1_Tego_77.0_0.25,williamson,737.494665887476,6.873726966707595,2.1447345785039214,0.991781489938311,3.649649621172365e-10,1.0,1.331994235732359e-19
Tego,77.0,0.25,96.0,2.0,0.0,2.0,Batch_1,3.347826086810964,0.020408163265097874,31,F1_Tego_77.0_0.25,williamson,710.4814435184185,7.147496225457826,2.01381872319485,0.9143427005899861,1.2645318439524537e-08,1.0,1.5990407843697928e-16
Tego,73.0,0.25,96.0,2.0,0.0,2.0,Batch_1,2.7037037036035665,0.020408163265097874,32,F1_Tego_73.0_0.25,williamson,149.65388722526242,3.1322911167767504,1.0961259483868384,1.0671143475516116,1.3564217389923242e-08,1.0,1.8398799340109611e-16
Tego,69.0,0.5,96.0,2.0,0.0,2.0,Batch_1,2.225806451541103,0.020408163265097874,33,F1_Tego_69.0_0.5,williamson,9.262489550679188,0.07261084392418223,0.49214813916167294,0.4433102267931263,7.113706687916082e-09,1.0,5.0604822841702e-17
Tego,73.0,0.25,96.0,2.0,0.0,2.0,Batch_1,2.7037037036035665,0.020408163265097874,34,F1_Tego_73.0_0.25,williamson,132.719233094231,1.947955062126441,1.9259252246768868,1.0050566152293015,3.403065231904374e-10,1.0,1.1580852972596372e-19
Tego,73.0,0.5,96.0,2.0,0.0,2.0,Batch_1,2.7037037036035665,0.020408163265097874,35,F1_Tego_73.0_0.5,williamson,117.9118586782436,2.8412856245410154,1.4936886062145982,0.9604695179219997,3.139551645925655e-06,0.9999999999999756,9.85678453743449e-12
Tego,73.0,0.5,96.0,2.0,0.0,2.0,Batch_1,2.7037037036035665,0.020408163265097874,36,F1_Tego_73.0_0.5,williamson,13.14653250792695,0.4132495349856934,0.514380804999145,0.4017143481419671,4.832998833955902e-09,1.0,2.335787772901911e-17
Tego,69.0,0.25,96.0,2.0,0.0,2.0,Batch_1,2.225806451541103,0.020408163265097874,37,F1_Tego_69.0_0.25,williamson,3.1030356683188725,0.08346457618213722,0.047041909739705005,0.6735739436064563,3.886897613535039e-09,1.0,1.510797305810438e-17
Tego,69.0,0.5,96.0,2.0,0.0,2.0,Batch_1,2.225806451541103,0.020408163265097874,38,F1_Tego_69.0_0.5,williamson,9.739961466496158,0.5867190319445866,0.8138922461172537,0.5705304766242599,7.560367419060466e-10,1.0,5.715915551119102e-19
Tego,69.0,0.25,96.0,2.0,0.0,2.0,Batch_1,2.225806451541103,0.020408163265097874,39,F1_Tego_69.0_0.25,williamson,1.829221215762129,0.38321596704268596,0.03408091469061574,0.674164142229688,4.6207371453077703e-10,1.0,2.1351211766027004e-19
Tego,73.0,0.25,96.0,2.0,0.0,2.0,Batch_1,2.7037037036035665,0.020408163265097874,40,F1_Tego_73.0_0.25,williamson,223.36570055783997,2.6930561609641344,2.2707372133296553,0.9729912110728545,1.111381540077452e-09,1.0,1.2351689276249292e-18
Tego,69.0,0.5,96.0,2.0,0.0,2.0,Batch_1,2.225806451541103,0.020408163265097874,41,F1_Tego_69.0_0.5,williamson,3.5419621006084885,0.17452116462161207,0.060464261400501366,0.6344565891986768,2.515233169058807e-12,1.0,6.3263978947336095e-24
Tego,73.0,0.5,97.0,1.5,0.0,1.5,Batch_1,2.7037037036035665,0.015228426395784483,42,F2_Tego_73.0_0.5,williamson,5.585756024814681,0.7438322230503437,2.0650906500099406,0.6174717399549342,9.430888710351243e-10,1.0,8.894166186703055e-19
Tego,73.0,0.5,97.0,1.5,0.0,1.5,Batch_1,2.7037037036035665,0.015228426395784483,43,F2_Tego_73.0_0.5,williamson,5.603364294020237,0.5572351818272703,0.8542619767642663,0.33493335313834316,1.8797029034210897e-09,1.0,3.533283005129674e-18
Tego,73.0,0.5,97.0,1.5,0.0,1.5,Batch_1,2.7037037036035665,0.015228426395784483,44,F2_Tego_73.0_0.5,williamson,5.5132280404471485,0.5169625295710594,0.4713280047589654,0.3933454984878827,3.6891301010046257e-10,1.0,1.3609680902138402e-19
Tego,73.0,0.5,96.0,0.0,2.0,2.0,Batch_1,2.7037037036035665,0.02083333333311632,45,F3_Tego_73.0_0.5,williamson,5.4586348005862515,0.9096921417173027,2.854494733893991,0.5895946961517079,6.085568762158799e-12,1.0,3.703414715896298e-23
Tego,73.0,0.5,96.0,0.0,2.0,2.0,Batch_1,2.7037037036035665,0.02083333333311632,46,F3_Tego_73.0_0.5,williamson,7.639330393604421,0.7260141378042727,0.1240135943736059,0.34284807132510453,2.590950394373394e-08,0.9999999999999994,6.713023946103646e-16
Tego,73.0,0.5,96.0,0.0,2.0,2.0,Batch_1,2.7037037036035665,0.02083333333311632,47,F3_Tego_73.0_0.5,williamson,9.920402498962286,1.1012994072302775,0.0914546297765957,0.3734308447813207,1.1993343875318266e-09,1.0,1.4384029731163415e-18
Triton,73.0,0.5,96.0,2.0,0.0,2.0,Batch_1,2.7037037036035665,0.020408163265097874,48,F1_Triton_73.0_0.5,williamson,80.72307294308673,2.7267740229466306,3.0550715307197986,0.8088873968633824,1.0580657092796012e-07,0.9999999999999999,1.1195030451533455e-14
Triton,77.0,0.25,96.0,2.0,0.0,2.0,Batch_1,3.347826086810964,0.020408163265097874,49,F1_Triton_77.0_0.25,williamson,515.3868409290533,5.482431115909262,2.2219622327006863,0.9177511770348992,5.111568939103497e-09,1.0,2.612813701920765e-17
Triton,77.0,0.25,96.0,2.0,0.0,2.0,Batch_1,3.347826086810964,0.020408163265097874,50,F1_Triton_77.0_0.25,williamson,522.9258164147224,5.874525516013317,2.537975509704414,0.9348810907946117,3.899736539593188e-11,1.0,1.5207945078238252e-21
Triton,69.0,0.5,96.0,2.0,0.0,2.0,Batch_1,2.225806451541103,0.020408163265097874,51,F1_Triton_69.0_0.5,williamson,95.28901393489464,1.5542559993395115,2.46588443105736,0.9497389880589421,8.28295558587354e-08,1.0,6.860735323755369e-15
Triton,73.0,0.5,96.0,2.0,0.0,2.0,Batch_1,2.7037037036035665,0.020408163265097874,52,F1_Triton_73.0_0.5,williamson,641.6746337413229,2.5261316979775144,5.160084472008516,1.0864697474565441,8.996931905173632e-10,1.0,8.094478370633124e-19
Triton,77.0,0.25,96.0,2.0,0.0,2.0,Batch_1,3.347826086810964,0.020408163265097874,53,F1_Triton_77.0_0.25,williamson,1192.1496952384082,7.286342843646635,2.603649035459958,1.0506456936588968,1.275369000934543e-09,1.0,1.6265660885447745e-18
Triton,73.0,0.25,96.0,2.0,0.0,2.0,Batch_1,2.7037037036035665,0.020408163265097874,54,F1_Triton_73.0_0.25,williamson,670.8084041543021,3.5462223217462343,2.278763101258458,1.1874270198354726,6.723765407294456e-08,1.0,4.520902125232958e-15
Triton,73.0,0.25,96.0,2.0,0.0,2.0,Batch_1,2.7037037036035665,0.020408163265097874,55,F1_Triton_73.0_0.25,williamson,851.0527929319891,3.765548928963017,4.565748058382085,1.04747870761106,1.3862660711017542e-08,1.0,1.9217336198878938e-16
Triton,69.0,0.5,96.0,2.0,0.0,2.0,Batch_1,2.225806451541103,0.020408163265097874,56,F1_Triton_69.0_0.5,williamson,65.63494455137254,1.5206672259599028,1.8822031979567067,0.8677836112323032,8.170635313635997e-09,1.0,6.67592814284356e-17
Triton,77.0,0.5,96.0,2.0,0.0,2.0,Batch_1,3.347826086810964,0.020408163265097874,57,F1_Triton_77.0_0.5,williamson,566.1385137656509,4.840099382551131,2.5517265854536677,0.9252052516647173,2.0121995398795566e-11,1.0,4.0489469882914987e-22
Triton,73.0,0.5,96.0,2.0,0.0,2.0,Batch_1,2.7037037036035665,0.020408163265097874,58,F1_Triton_73.0_0.5,williamson,243.90725513564942,2.8602236332088338,2.31755794195472,1.028063249279378,6.966141822879964e-08,1.0,4.852713189647738e-15
Triton,77.0,0.5,96.0,2.0,0.0,2.0,Batch_1,3.347826086810964,0.020408163265097874,59,F1_Triton_77.0_0.5,williamson,424.9290751406618,5.213662993629384,2.5706217888727307,0.8477396372826769,1.650236529573607e-06,0.9999999999999991,2.7232806035391428e-12
Triton,73.0,0.25,96.0,2.0,0.0,2.0,Batch_1,2.7037037036035665,0.020408163265097874,60,F1_Triton_73.0_0.25,williamson,118.34978184330568,3.366897607237895,1.390354690435843,1.0473949010701347,1.9330583534566526e-07,0.9999999999999999,3.7367145978685444e-14
Triton,69.0,0.5,96.0,2.0,0.0,2.0,Batch_1,2.225806451541103,0.020408163265097874,61,F1_Triton_69.0_0.5,williamson,14.828657236972147,0.5265815773181148,0.7656931306920967,0.5730381719373862,5.433027367710075e-10,1.0,2.951778637828667e-19
Triton,77.0,0.5,96.0,2.0,0.0,2.0,Batch_1,3.347826086810964,0.020408163265097874,62,F1_Triton_77.0_0.5,williamson,673.7668142058166,6.559261856427751,2.0715832885379295,1.0061500419666443,5.595647681609589e-07,1.0,3.131127297670277e-13
Triton,73.0,0.5,96.0,0.0,2.0,2.0,Batch_1,2.7037037036035665,0.02083333333311632,63,F3_Triton_73.0_0.5,williamson,6.935294299363085,1.2085171757737498,1.9047257305782204,0.4006578353150446,9.37481122393647e-13,1.0,8.78870854844452e-25
Triton,73.0,0.5,96.0,0.0,2.0,2.0,Batch_1,2.7037037036035665,0.02083333333311632,64,F3_Triton_73.0_0.5,williamson,5.347181167409577,0.5892784222995718,0.021232861288679305,0.40424968277903023,1.1022281960966524e-09,1.0,1.2149069962704806e-18
Triton,73.0,0.5,96.0,0.0,2.0,2.0,Batch_1,2.7037037036035665,0.02083333333311632,65,F3_Triton_73.0_0.5,williamson,5.828692939194357,0.768891225795674,0.03510310316410464,0.40127326754934733,1.132797740746631e-08,0.9999999999999998,1.2832307214406714e-16
Tego,74.0,0.5,96.0,2.0,0.0,2.0,Batch_2,2.8461538460443787,0.020408163265097874,66,F1_Tego_74.0_0.5,williamson,43.67730180439045,3.3901567684219343,0.8509345342827975,0.7036579634292189,2.280472180671955e-10,1.0,5.2005533668187016e-20
none,74.0,0.0,96.0,0.0,2.0,2.0,Batch_2,2.8461538460443787,0.02083333333311632,67,F3_none_74.0_0.0,williamson,24.89318972792282,1.2237246929325163,0.10830257912477921,0.4641950137505419,1.3844603322907517e-07,0.9999999999999991,1.9167304116866188e-14
Tego,74.0,0.5,96.0,2.0,0.0,2.0,Batch_2,2.8461538460443787,0.020408163265097874,68,F1_Tego_74.0_0.5,williamson,80.96889074815877,3.633520302817259,1.9089184112713153,0.723238216869354,7.693102599212628e-09,1.0,5.918382760201209e-17
Triton,77.0,0.0,96.0,2.0,0.0,2.0,Batch_2,3.347826086810964,0.020408163265097874,69,F1_Triton_77.0_0.0,williamson,477.9732913224015,7.131408554458011,2.568878318468715,0.8171674349435418,4.658972023807557e-10,1.0,2.1706020318621485e-19
Tego,69.0,0.25,96.0,2.0,0.0,2.0,Batch_2,2.225806451541103,0.020408163265097874,70,F1_Tego_69.0_0.25,williamson,10.323565851353012,0.6718150364747526,1.3495758711838757,0.41152547859584143,2.6872403164351403e-09,1.0,7.221260518274433e-18
Tego,74.0,0.0,96.0,2.0,0.0,2.0,Batch_2,2.8461538460443787,0.020408163265097874,71,F1_Tego_74.0_0.0,williamson,278.160762921349,4.963402723641851,2.3878590755235347,1.0081220010173422,1.315473226770401e-10,1.0,1.730469810349731e-20
Tego,69.0,0.5,97.0,1.5,0.0,1.5,Batch_2,2.225806451541103,0.015228426395784483,72,F2_Tego_69.0_0.5,williamson,3.2569408571854725,0.42939137581426245,0.908268959096816,0.3891462182435325,1.701722793277717e-08,0.9999999999999983,2.8958604651609147e-16
Triton,74.0,0.0,96.0,2.0,0.0,2.0,Batch_2,2.8461538460443787,0.020408163265097874,73,F1_Triton_74.0_0.0,williamson,105.48767086313678,4.325683503046002,1.1948277886161527,0.9235308261516163,1.4746070215275901e-09,1.0,2.1744658679384706e-18
Triton,72.0,0.25,96.0,2.0,0.0,2.0,Batch_2,2.571428571336735,0.020408163265097874,74,F1_Triton_72.0_0.25,williamson,91.67582636141968,2.7852323763256908,3.2220778807205073,0.7788232390808917,3.044214580782058e-08,1.0,9.267242413846083e-16
Triton,69.0,0.5,96.0,2.0,0.0,2.0,Batch_2,2.225806451541103,0.020408163265097874,75,F1_Triton_69.0_0.5,williamson,6.222406602554714,0.3792653013882376,0.0643273899462807,0.5017848770336788,6.10429436007513e-09,1.0,3.726240963444504e-17
Tego,77.0,0.0,96.0,2.0,0.0,2.0,Batch_2,3.347826086810964,0.020408163265097874,76,F1_Tego_77.0_0.0,williamson,793.1369448811744,8.488246638400405,2.6259658965744745,0.9410145449529911,1.174521943969174e-09,1.0,1.3795017968651276e-18
Tego,77.0,0.25,97.0,1.5,0.0,1.5,Batch_2,3.347826086810964,0.015228426395784483,77,F2_Tego_77.0_0.25,williamson,584.0881530814363,5.267462294029411,3.7930040441400754,1.1207344430342394,7.2510635819311985e-09,1.0,5.2577923069208903e-17
Tego,74.0,0.25,97.0,1.5,0.0,1.5,Batch_2,2.8461538460443787,0.015228426395784483,78,F2_Tego_74.0_0.25,williamson,57.57208765836811,2.3424895532440075,3.015568865080135,0.8886610243743633,1.4258275722100796e-08,1.0,2.03298426567449e-16
Hypermer,74.0,0.5,96.0,2.0,0.0,2.0,Batch_2,2.8461538460443787,0.020408163265097874,79,F1_Hypermer_74.0_0.5,williamson,67.75144671197481,3.631479885412491,1.6152306619906147,0.7768992103100285,9.521105264942018e-11,1.0,9.065144546610662e-21
Hypermer,72.0,0.25,96.0,2.0,0.0,2.0,Batch_2,2.571428571336735,0.020408163265097874,80,F1_Hypermer_72.0_0.25,williamson,45.337199349275146,2.719359208229831,1.3005634834063733,0.8600019892734243,3.717757174577695e-08,1.0,1.3821718409123924e-15
Tego,72.0,0.0,97.0,1.5,0.0,1.5,Batch_2,2.571428571336735,0.015228426395784483,81,F2_Tego_72.0_0.0,williamson,39.73234213809841,1.6843033438098105,2.8196656301412832,0.9220492941379792,5.040094136023351e-09,1.0,2.5402548899976966e-17
Tego,74.0,0.5,97.0,1.5,0.0,1.5,Batch_2,2.8461538460443787,0.015228426395784483,82,F2_Tego_74.0_0.5,williamson,28.781971877725052,2.0552726223464246,1.418280398663096,0.836712384264213,2.254468751263133e-10,1.0,5.0826293504219495e-20
Triton,77.0,0.25,96.0,2.0,0.0,2.0,Batch_2,3.347826086810964,0.020408163265097874,83,F1_Triton_77.0_0.25,williamson,428.55364200645624,6.362699571813199,1.97634036075348,0.8300544941087776,1.4703893091727553e-06,0.9999999999999994,2.1620447205295325e-12
Hypermer,69.0,0.0,96.0,2.0,0.0,2.0,Batch_2,2.225806451541103,0.020408163265097874,84,F1_Hypermer_69.0_0.0,williamson,4.859983755453028,0.4827615038436016,0.0669404346623203,0.415463281591318,2.9791476953919967e-08,0.9999999999999986,8.875320990959445e-16
Triton,77.0,0.5,96.0,2.0,0.0,2.0,Batch_2,3.347826086810964,0.020408163265097874,85,F1_Triton_77.0_0.5,williamson,388.3444620233387,6.066333009729629,2.023955966156568,0.8013348225353173,2.7424696794292706e-06,0.9999999999999978,7.521139942588886e-12
Hypermer,69.0,0.5,96.0,2.0,0.0,2.0,Batch_2,2.225806451541103,0.020408163265097874,86,F1_Hypermer_69.0_0.5,williamson,11.820175263370745,1.1878551650751363,1.7099063482691843,0.7720880065805473,3.2656767475762896e-11,1.0,1.0664644619660455e-21
Tego,72.0,0.5,97.0,1.5,0.0,1.5,Batch_2,2.571428571336735,0.015228426395784483,87,F2_Tego_72.0_0.5,williamson,3.328597676135061,0.39271509086815465,0.8191927597707311,0.3610220853080521,4.074246214696217e-09,0.9999999999999999,1.6599482217966457e-17
Tego,77.0,0.5,97.0,1.5,0.0,1.5,Batch_2,3.347826086810964,0.015228426395784483,88,F2_Tego_77.0_0.5,williamson,58.836628770514636,3.8390912138132793,0.8858082196253152,0.7217626286220322,9.785931527310182e-09,1.0,9.57644558572034e-17
Tego,76.0,0.0,96.0,2.0,0.0,2.0,Batch_2,3.1666666665347223,0.020408163265097874,89,F1_Tego_76.0_0.0,williamson,181.0194923387584,5.134292397808557,1.2072078711003051,0.8104214662099171,1.1080030720137708e-07,1.0,1.2276708075919535e-14
Triton,74.0,0.5,96.0,2.0,0.0,2.0,Batch_2,2.8461538460443787,0.020408163265097874,90,F1_Triton_74.0_0.5,williamson,53.99722307371665,3.25880904625344,0.9335017267646979,0.6883085684887755,3.878499273274149e-09,1.0,1.5042756612788098e-17
Tego,77.0,0.0,,,,,Batch_2,3.347826086810964,,91,B_Tego_77.0_0.0,williamson,305.95559663999717,4.755114589980846,1.4577112342299121,0.7557632154978121,1.6178913864432752e-08,1.0,2.6175725383273434e-16
Triton,69.0,0.0,96.0,2.0,0.0,2.0,Batch_2,2.225806451541103,0.020408163265097874,92,F1_Triton_69.0_0.0,williamson,7.8393349945207875,0.7061251647405398,0.6088740387423867,0.37705589447878307,5.026483609875887e-09,1.0,2.5265537480350933e-17
Hypermer,74.0,0.0,96.0,2.0,0.0,2.0,Batch_2,2.8461538460443787,0.020408163265097874,93,F1_Hypermer_74.0_0.0,williamson,66.2564477630255,3.515586390848625,1.1629468862860246,0.7198220865496361,7.614859990252132e-08,1.0,5.798609267114271e-15
Tego,72.0,0.25,97.0,1.5,0.0,1.5,Batch_2,2.571428571336735,0.015228426395784483,94,F2_Tego_72.0_0.25,williamson,14.03796150871158,1.5609495730113025,1.792881565023635,0.7048091283310052,2.500363032924838e-08,0.9999999999999999,6.251815296417095e-16
Tego,74.0,0.5,96.0,2.0,0.0,2.0,Batch_2,2.8461538460443787,0.020408163265097874,95,F1_Tego_74.0_0.5,williamson,107.74204242438184,4.454962537758108,1.006202458552477,1.117995865179078,4.024330560116495e-07,0.9999999999999997,1.6195236457087545e-13
Tego,77.0,0.25,96.0,2.0,0.0,2.0,Batch_2,3.347826086810964,0.020408163265097874,96,F1_Tego_77.0_0.25,williamson,191.42183730978837,8.658569985766196,0.6709330840531456,1.1603208019021303,7.836295152040363e-07,0.9999999999999998,6.140752170989129e-13
Tego,72.0,0.0,96.0,2.0,0.0,2.0,Batch_2,2.571428571336735,0.020408163265097874,97,F1_Tego_72.0_0.0,williamson,83.83548191479603,2.8107937569352344,2.320184683896593,0.8902986084380887,2.397955023020181e-09,1.0,5.750188292427717e-18
Triton,72.0,0.0,96.0,2.0,0.0,2.0,Batch_2,2.571428571336735,0.020408163265097874,98,F1_Triton_72.0_0.0,williamson,107.58117383222958,3.4228623996726557,1.923628560400748,1.0195664021832471,1.6839282975898578e-08,1.0,2.8356145114238764e-16
Tego,69.0,0.5,96.0,2.0,0.0,2.0,Batch_2,2.225806451541103,0.020408163265097874,99,F1_Tego_69.0_0.5,williamson,3.548751708933001,0.32884402210298413,0.019428905410280514,0.45807740144374837,9.622913698015683e-09,0.9999999999999997,9.260046803945788e-17
Tego,72.0,0.25,96.0,2.0,0.0,2.0,Batch_2,2.571428571336735,0.020408163265097874,100,F1_Tego_72.0_0.25,williamson,21.475461688525975,1.8515297905144028,0.7919872295317124,0.5152521805137925,2.920509158293449e-09,1.0,8.529373743675909e-18
Hypermer,77.0,0.0,96.0,2.0,0.0,2.0,Batch_2,3.347826086810964,0.020408163265097874,101,F1_Hypermer_77.0_0.0,williamson,222.4867632586477,6.060204723196645,0.9905166674278701,0.9747068478220373,1.2827625976525348e-11,1.0,1.645479881936279e-22
Triton,74.0,0.25,96.0,2.0,0.0,2.0,Batch_2,2.8461538460443787,0.020408163265097874,102,F1_Triton_74.0_0.25,williamson,70.0450647813063,3.2658396477751817,1.3367826270266676,0.6815163382830721,3.6675027028210817e-09,1.0,1.345057607519994e-17
Triton,72.0,0.5,96.0,2.0,0.0,2.0,Batch_2,2.571428571336735,0.020408163265097874,103,F1_Triton_72.0_0.5,williamson,18.487397644701424,1.7330745939069088,0.9214260001782192,0.5362107029037241,2.2822465623129825e-10,1.0,5.208649371189427e-20
Hypermer,77.0,0.25,96.0,2.0,0.0,2.0,Batch_2,3.347826086810964,0.020408163265097874,104,F1_Hypermer_77.0_0.25,williamson,167.77519781615604,6.688261276607265,1.7979453729280672,0.7257782621727208,9.48187953293175e-10,1.0,8.990603947703003e-19
Hypermer,74.0,0.25,96.0,2.0,0.0,2.0,Batch_2,2.8461538460443787,0.020408163265097874,105,F1_Hypermer_74.0_0.25,williamson,28.82584480780563,2.956735284556666,1.0264305459865928,0.5908943955483594,9.45075553375681e-10,1.0,8.9316780158835e-19
Hypermer,72.0,0.5,96.0,2.0,0.0,2.0,Batch_2,2.571428571336735,0.020408163265097874,106,F1_Hypermer_72.0_0.5,williamson,20.033844572799453,1.7981457442857705,1.5916065148054264,0.7829975864022981,1.0989181212422577e-08,1.0,1.2076210371946133e-16
Triton,69.0,0.0,96.0,2.0,0.0,2.0,Batch_2,2.225806451541103,0.020408163265097874,107,F1_Triton_69.0_0.0,williamson,6.9273544260182405,1.0332875071064358,1.118650437671369,0.5001516074388428,1.2847062101312874e-08,0.9999999999999998,1.6504700463498953e-16
Tego,77.0,0.0,96.0,2.0,0.0,2.0,Batch_2,3.347826086810964,0.020408163265097874,108,F1_Tego_77.0_0.0,williamson,434.6067175451345,5.116027685886526,3.1073682153757485,0.7334441301687431,6.058737182278482e-07,0.9999999999999999,3.67082962439238e-13
Triton,74.0,0.5,96.0,2.0,0.0,2.0,Batch_2,2.8461538460443787,0.020408163265097874,109,F1_Triton_74.0_0.5,williamson,87.11177875047106,4.177184620470221,1.4172118270493148,0.8731827086295275,1.220028030100212e-10,1.0,1.488468394230204e-20
Hypermer,74.0,0.5,96.0,2.0,0.0,2.0,Batch_2,2.8461538460443787,0.020408163265097874,110,F1_Hypermer_74.0_0.5,williamson,50.317226745056054,3.1676232647415206,1.592477704889529,0.7325973152808666,1.8970486767602542e-08,1.0,3.598793681997831e-16
Triton,69.0,0.5,96.0,2.0,0.0,2.0,Batch_2,2.225806451541103,0.020408163265097874,111,F1_Triton_69.0_0.5,williamson,392.1666279632122,0.6808391122728471,2.3657953551131037,1.104848956498536,8.798154065965097e-10,1.0,7.740751496845818e-19
Tego,72.0,0.0,96.0,2.0,0.0,2.0,Batch_2,2.571428571336735,0.020408163265097874,112,F1_Tego_72.0_0.0,williamson,26.662743296725687,2.6695214021913816,1.3584354929578621,0.751626982250261,1.883894794723677e-08,1.0,3.549059597586965e-16
Hypermer,74.0,0.0,96.0,2.0,0.0,2.0,Batch_2,2.8461538460443787,0.020408163265097874,113,F1_Hypermer_74.0_0.0,williamson,80.14826286123736,3.620111155557514,1.9044467450042097,0.7205338968317255,2.6310493940234777e-10,1.0,6.922420913791308e-20
Triton,72.0,0.0,96.0,2.0,0.0,2.0,Batch_2,2.571428571336735,0.020408163265097874,114,F1_Triton_72.0_0.0,williamson,37.109494436270886,2.5916172943506477,1.6065236279359287,0.7415350262128663,1.444998345518015e-12,1.0,2.0880202185498006e-24
Tego,77.0,0.25,96.0,2.0,0.0,2.0,Batch_2,3.347826086810964,0.020408163265097874,115,F1_Tego_77.0_0.25,williamson,409.02421077054055,5.573147151352237,3.074123425355599,0.7528161126287036,5.7084795071672995e-09,1.0,3.258673828374902e-17
Hypermer,77.0,0.0,96.0,2.0,0.0,2.0,Batch_2,3.347826086810964,0.020408163265097874,116,F1_Hypermer_77.0_0.0,williamson,511.1499000315162,6.850073059329972,2.5453716343010764,0.8607050348126145,1.4378629126748845e-06,0.9999999999999996,2.067449755645902e-12
Triton,77.0,0.25,96.0,2.0,0.0,2.0,Batch_2,3.347826086810964,0.020408163265097874,117,F1_Triton_77.0_0.25,williamson,525.2436647947006,6.574569212741784,2.558640572580768,0.8528360622269396,3.3496018042954793e-09,1.0,1.121983224733953e-17
Triton,72.0,0.25,96.0,2.0,0.0,2.0,Batch_2,2.571428571336735,0.020408163265097874,118,F1_Triton_72.0_0.25,williamson,24.637395653150456,2.490924946739686,1.2409459458756351,0.7468038138172375,1.573022846121771e-09,1.0,2.4744008744210372e-18
Triton,72.0,0.25,96.0,2.0,0.0,2.0,Batch_2,2.571428571336735,0.020408163265097874,119,F1_Triton_72.0_0.25,williamson,21.814453309452496,2.2288777353662512,0.9841181671263627,0.6102331440843726,7.26951265835289e-10,1.0,5.28458142899529e-19
Hypermer,77.0,0.25,96.0,2.0,0.0,2.0,Batch_2,3.347826086810964,0.020408163265097874,120,F1_Hypermer_77.0_0.25,williamson,146.60884372351714,7.0828422072406605,1.6029672815880243,0.7719318082458447,9.145127871390538e-11,1.0,8.363336378408404e-21
Triton,74.0,0.25,96.0,2.0,0.0,2.0,Batch_2,2.8461538460443787,0.020408163265097874,121,F1_Triton_74.0_0.25,williamson,151.810167137925,4.60226831739029,1.3549930209320662,0.9789704198813227,7.1275052460630095e-09,1.0,5.080133103265572e-17
Hypermer,72.0,0.5,96.0,2.0,0.0,2.0,Batch_2,2.571428571336735,0.020408163265097874,122,F1_Hypermer_72.0_0.5,williamson,29.18792418062923,2.154199859486054,1.3067448602898022,0.7415011950263432,3.167365913260089e-08,1.0,1.0032206828481914e-15
Hypermer,72.0,0.25,96.0,2.0,0.0,2.0,Batch_2,2.571428571336735,0.020408163265097874,123,F1_Hypermer_72.0_0.25,williamson,35.105408184819154,2.4347519781463807,1.4325376422824339,0.7921276923630134,3.4099022109837958e-09,1.0,1.162743308847218e-17
Hypermer,69.0,0.5,96.0,2.0,0.0,2.0,Batch_2,2.225806451541103,0.020408163265097874,124,F1_Hypermer_69.0_0.5,williamson,12.853957508943402,1.1575090257631164,1.3136902010953675,0.673363095537829,1.2257177631096634e-09,1.0,1.5023840348025572e-18
Tego,69.0,0.0,96.0,2.0,0.0,2.0,Batch_2,2.225806451541103,0.020408163265097874,125,F1_Tego_69.0_0.0,williamson,42.800780823927646,1.8872901721222133,2.185829056695104,1.02375724562886,9.315294558763959e-09,1.0,8.677471271653742e-17
Tego,69.0,0.5,96.0,2.0,0.0,2.0,Batch_2,2.225806451541103,0.020408163265097874,126,F1_Tego_69.0_0.5,williamson,2.845253567010858,0.22753023065602657,0.017439358130946367,0.4779084686098538,1.1590543747377519e-10,1.0,1.3434070435987211e-20
Triton,72.0,0.5,96.0,2.0,0.0,2.0,Batch_2,2.571428571336735,0.020408163265097874,127,F1_Triton_72.0_0.5,williamson,20.303501794665642,2.208678014151074,1.1594305035271744,0.6956205749289078,1.8633275171835923e-08,1.0,3.471989436293571e-16
Tego,74.0,0.0,96.0,2.0,0.0,2.0,Batch_2,2.8461538460443787,0.020408163265097874,128,F1_Tego_74.0_0.0,williamson,90.36535949579644,3.7407082986800337,1.932578725404483,0.7436142496062815,2.1599740585883553e-09,1.0,4.6654879337746525e-18
Hypermer,74.0,0.25,96.0,2.0,0.0,2.0,Batch_2,2.8461538460443787,0.020408163265097874,129,F1_Hypermer_74.0_0.25,williamson,44.76993467758209,3.5595706185853766,1.5351410171399986,0.7266535115636813,1.141408155845406e-09,1.0,1.3028125782304103e-18
Hypermer,69.0,0.0,96.0,2.0,0.0,2.0,Batch_2,2.225806451541103,0.020408163265097874,130,F1_Hypermer_69.0_0.0,williamson,5.933060161287587,0.6119838134617629,0.38271830259396217,0.38421165476826313,2.3879794221542965e-09,1.0,5.702445720632369e-18
Tego,69.0,0.25,96.0,2.0,0.0,2.0,Batch_2,2.225806451541103,0.020408163265097874,131,F1_Tego_69.0_0.25,williamson,7.28933539138104,0.30890194615746225,0.1632421488953347,0.5173948810128015,1.8410638910915288e-08,0.9999999999999999,3.389516251081081e-16
Triton,77.0,0.0,96.0,2.0,0.0,2.0,Batch_2,3.347826086810964,0.020408163265097874,132,F1_Triton_77.0_0.0,williamson,444.74001641879266,6.80733649448495,1.910178888667827,0.8531092193329224,1.3395401894018158e-07,1.0,1.7943679190226522e-14
Triton,77.0,0.5,96.0,2.0,0.0,2.0,Batch_2,3.347826086810964,0.020408163265097874,133,F1_Triton_77.0_0.5,williamson,297.8453704560445,5.4148401050826855,1.38351879821954,0.7956191004636028,1.7503972892452657e-08,1.0,3.0638906701971743e-16
Triton,74.0,0.0,96.0,2.0,0.0,2.0,Batch_2,2.8461538460443787,0.020408163265097874,134,F1_Triton_74.0_0.0,williamson,84.12626898507061,3.8036155625488943,1.6857873344410979,0.8206913973623045,1.1785033057296724e-07,0.9999999999999999,1.3888700416157657e-14
Tego,74.0,0.5,96.0,2.0,0.0,2.0,Batch_2,2.8461538460443787,0.020408163265097874,135,F1_Tego_74.0_0.5,williamson,273.4112904038974,4.178758827714,2.726971067671473,0.9481935977784366,1.9588478548499205e-12,1.0,3.837084918450135e-24
